match_number,date,gender,match_type,teams,team1,team2,team_batting,team_bowling,venue,toss_winner,toss_decision,umpires,batter,bowler,non_striker,over,runs_batter,runs_extras,runs_total,legbyes,byes,no of balls,noballs,wides,player_out,kind,fielders,winner,player_of_match,iswicket_delivery,won_by
27,2012-04-21,male,T20,"Delhi Daredevils, Pune Warriors",Delhi Daredevils,Pune Warriors,Pune Warriors,Delhi Daredevils,Feroz Shah Kotla,Delhi Daredevils,field,"Asad Rauf, S Das",RV Uthappa,IK Pathan,JD Ryder,0,0,0,0,0,0,1,0,0,,,,Pune Warriors,SC Ganguly,0,Runs
27,2012-04-21,male,T20,"Delhi Daredevils, Pune Warriors",Delhi Daredevils,Pune Warriors,Pune Warriors,Delhi Daredevils,Feroz Shah Kotla,Delhi Daredevils,field,"Asad Rauf, S Das",RV Uthappa,IK Pathan,JD Ryder,0,0,0,0,0,0,2,0,0,,,,Pune Warriors,SC Ganguly,0,Runs
27,2012-04-21,male,T20,"Delhi Daredevils, Pune Warriors",Delhi Daredevils,Pune Warriors,Pune Warriors,Delhi Daredevils,Feroz Shah Kotla,Delhi Daredevils,field,"Asad Rauf, S Das",RV Uthappa,IK Pathan,JD Ryder,0,0,0,0,0,0,3,0,0,,,,Pune Warriors,SC Ganguly,0,Runs
27,2012-04-21,male,T20,"Delhi Daredevils, Pune Warriors",Delhi Daredevils,Pune Warriors,Pune Warriors,Delhi Daredevils,Feroz Shah Kotla,Delhi Daredevils,field,"Asad Rauf, S Das",RV Uthappa,IK Pathan,JD Ryder,0,0,0,0,0,0,4,0,0,,,,Pune Warriors,SC Ganguly,0,Runs
27,2012-04-21,male,T20,"Delhi Daredevils, Pune Warriors",Delhi Daredevils,Pune Warriors,Pune Warriors,Delhi Daredevils,Feroz Shah Kotla,Delhi Daredevils,field,"Asad Rauf, S Das",RV Uthappa,IK Pathan,JD Ryder,0,0,0,0,0,0,5,0,0,,,,Pune Warriors,SC Ganguly,0,Runs
27,2012-04-21,male,T20,"Delhi Daredevils, Pune Warriors",Delhi Daredevils,Pune Warriors,Pune Warriors,Delhi Daredevils,Feroz Shah Kotla,Delhi Daredevils,field,"Asad Rauf, S Das",RV Uthappa,IK Pathan,JD Ryder,0,0,0,0,0,0,6,0,0,,,,Pune Warriors,SC Ganguly,0,Runs
27,2012-04-21,male,T20,"Delhi Daredevils, Pune Warriors",Delhi Daredevils,Pune Warriors,Pune Warriors,Delhi Daredevils,Feroz Shah Kotla,Delhi Daredevils,field,"Asad Rauf, S Das",JD Ryder,S Nadeem,RV Uthappa,1,0,0,0,0,0,1,0,0,,,,Pune Warriors,SC Ganguly,0,Runs
27,2012-04-21,male,T20,"Delhi Daredevils, Pune Warriors",Delhi Daredevils,Pune Warriors,Pune Warriors,Delhi Daredevils,Feroz Shah Kotla,Delhi Daredevils,field,"Asad Rauf, S Das",JD Ryder,S Nadeem,RV Uthappa,1,0,0,0,0,0,2,0,0,,,,Pune Warriors,SC Ganguly,0,Runs
27,2012-04-21,male,T20,"Delhi Daredevils, Pune Warriors",Delhi Daredevils,Pune Warriors,Pune Warriors,Delhi Daredevils,Feroz Shah Kotla,Delhi Daredevils,field,"Asad Rauf, S Das",JD Ryder,S Nadeem,RV Uthappa,1,1,0,1,0,0,3,0,0,,,,Pune Warriors,SC Ganguly,0,Runs
27,2012-04-21,male,T20,"Delhi Daredevils, Pune Warriors",Delhi Daredevils,Pune Warriors,Pune Warriors,Delhi Daredevils,Feroz Shah Kotla,Delhi Daredevils,field,"Asad Rauf, S Das",RV Uthappa,S Nadeem,JD Ryder,1,0,0,0,0,0,4,0,0,,,,Pune Warriors,SC Ganguly,0,Runs
27,2012-04-21,male,T20,"Delhi Daredevils, Pune Warriors",Delhi Daredevils,Pune Warriors,Pune Warriors,Delhi Daredevils,Feroz Shah Kotla,Delhi Daredevils,field,"Asad Rauf, S Das",RV Uthappa,S Nadeem,JD Ryder,1,1,0,1,0,0,5,0,0,,,,Pune Warriors,SC Ganguly,0,Runs
27,2012-04-21,male,T20,"Delhi Daredevils, Pune Warriors",Delhi Daredevils,Pune Warriors,Pune Warriors,Delhi Daredevils,Feroz Shah Kotla,Delhi Daredevils,field,"Asad Rauf, S Das",JD Ryder,S Nadeem,RV Uthappa,1,1,0,1,0,0,6,0,0,,,,Pune Warriors,SC Ganguly,0,Runs
27,2012-04-21,male,T20,"Delhi Daredevils, Pune Warriors",Delhi Daredevils,Pune Warriors,Pune Warriors,Delhi Daredevils,Feroz Shah Kotla,Delhi Daredevils,field,"Asad Rauf, S Das",JD Ryder,IK Pathan,RV Uthappa,2,0,0,0,0,0,1,0,0,,,,Pune Warriors,SC Ganguly,0,Runs
27,2012-04-21,male,T20,"Delhi Daredevils, Pune Warriors",Delhi Daredevils,Pune Warriors,Pune Warriors,Delhi Daredevils,Feroz Shah Kotla,Delhi Daredevils,field,"Asad Rauf, S Das",JD Ryder,IK Pathan,RV Uthappa,2,0,1,1,1,0,2,0,0,,,,Pune Warriors,SC Ganguly,0,Runs
27,2012-04-21,male,T20,"Delhi Daredevils, Pune Warriors",Delhi Daredevils,Pune Warriors,Pune Warriors,Delhi Daredevils,Feroz Shah Kotla,Delhi Daredevils,field,"Asad Rauf, S Das",RV Uthappa,IK Pathan,JD Ryder,2,4,0,4,0,0,3,0,0,,,,Pune Warriors,SC Ganguly,0,Runs
27,2012-04-21,male,T20,"Delhi Daredevils, Pune Warriors",Delhi Daredevils,Pune Warriors,Pune Warriors,Delhi Daredevils,Feroz Shah Kotla,Delhi Daredevils,field,"Asad Rauf, S Das",RV Uthappa,IK Pathan,JD Ryder,2,4,0,4,0,0,4,0,0,,,,Pune Warriors,SC Ganguly,0,Runs
27,2012-04-21,male,T20,"Delhi Daredevils, Pune Warriors",Delhi Daredevils,Pune Warriors,Pune Warriors,Delhi Daredevils,Feroz Shah Kotla,Delhi Daredevils,field,"Asad Rauf, S Das",RV Uthappa,IK Pathan,JD Ryder,2,1,0,1,0,0,5,0,0,,,,Pune Warriors,SC Ganguly,0,Runs
27,2012-04-21,male,T20,"Delhi Daredevils, Pune Warriors",Delhi Daredevils,Pune Warriors,Pune Warriors,Delhi Daredevils,Feroz Shah Kotla,Delhi Daredevils,field,"Asad Rauf, S Das",JD Ryder,IK Pathan,RV Uthappa,2,1,0,1,0,0,6,0,0,,,,Pune Warriors,SC Ganguly,0,Runs
27,2012-04-21,male,T20,"Delhi Daredevils, Pune Warriors",Delhi Daredevils,Pune Warriors,Pune Warriors,Delhi Daredevils,Feroz Shah Kotla,Delhi Daredevils,field,"Asad Rauf, S Das",JD Ryder,M Morkel,RV Uthappa,3,6,0,6,0,0,1,0,0,,,,Pune Warriors,SC Ganguly,0,Runs
27,2012-04-21,male,T20,"Delhi Daredevils, Pune Warriors",Delhi Daredevils,Pune Warriors,Pune Warriors,Delhi Daredevils,Feroz Shah Kotla,Delhi Daredevils,field,"Asad Rauf, S Das",JD Ryder,M Morkel,RV Uthappa,3,4,0,4,0,0,2,0,0,,,,Pune Warriors,SC Ganguly,0,Runs
27,2012-04-21,male,T20,"Delhi Daredevils, Pune Warriors",Delhi Daredevils,Pune Warriors,Pune Warriors,Delhi Daredevils,Feroz Shah Kotla,Delhi Daredevils,field,"Asad Rauf, S Das",JD Ryder,M Morkel,RV Uthappa,3,1,0,1,0,0,3,0,0,,,,Pune Warriors,SC Ganguly,0,Runs
27,2012-04-21,male,T20,"Delhi Daredevils, Pune Warriors",Delhi Daredevils,Pune Warriors,Pune Warriors,Delhi Daredevils,Feroz Shah Kotla,Delhi Daredevils,field,"Asad Rauf, S Das",RV Uthappa,M Morkel,JD Ryder,3,0,1,1,0,0,4,0,1,,,,Pune Warriors,SC Ganguly,0,Runs
27,2012-04-21,male,T20,"Delhi Daredevils, Pune Warriors",Delhi Daredevils,Pune Warriors,Pune Warriors,Delhi Daredevils,Feroz Shah Kotla,Delhi Daredevils,field,"Asad Rauf, S Das",RV Uthappa,M Morkel,JD Ryder,3,0,0,0,0,0,5,0,0,,,,Pune Warriors,SC Ganguly,0,Runs
27,2012-04-21,male,T20,"Delhi Daredevils, Pune Warriors",Delhi Daredevils,Pune Warriors,Pune Warriors,Delhi Daredevils,Feroz Shah Kotla,Delhi Daredevils,field,"Asad Rauf, S Das",RV Uthappa,M Morkel,JD Ryder,3,0,0,0,0,0,6,0,0,RV Uthappa,caught,NV Ojha,Pune Warriors,SC Ganguly,1,Runs
27,2012-04-21,male,T20,"Delhi Daredevils, Pune Warriors",Delhi Daredevils,Pune Warriors,Pune Warriors,Delhi Daredevils,Feroz Shah Kotla,Delhi Daredevils,field,"Asad Rauf, S Das",SC Ganguly,M Morkel,JD Ryder,3,1,0,1,0,0,7,0,0,,,,Pune Warriors,SC Ganguly,0,Runs
27,2012-04-21,male,T20,"Delhi Daredevils, Pune Warriors",Delhi Daredevils,Pune Warriors,Pune Warriors,Delhi Daredevils,Feroz Shah Kotla,Delhi Daredevils,field,"Asad Rauf, S Das",SC Ganguly,UT Yadav,JD Ryder,4,0,0,0,0,0,1,0,0,,,,Pune Warriors,SC Ganguly,0,Runs
27,2012-04-21,male,T20,"Delhi Daredevils, Pune Warriors",Delhi Daredevils,Pune Warriors,Pune Warriors,Delhi Daredevils,Feroz Shah Kotla,Delhi Daredevils,field,"Asad Rauf, S Das",SC Ganguly,UT Yadav,JD Ryder,4,0,0,0,0,0,2,0,0,,,,Pune Warriors,SC Ganguly,0,Runs
27,2012-04-21,male,T20,"Delhi Daredevils, Pune Warriors",Delhi Daredevils,Pune Warriors,Pune Warriors,Delhi Daredevils,Feroz Shah Kotla,Delhi Daredevils,field,"Asad Rauf, S Das",SC Ganguly,UT Yadav,JD Ryder,4,0,0,0,0,0,3,0,0,,,,Pune Warriors,SC Ganguly,0,Runs
27,2012-04-21,male,T20,"Delhi Daredevils, Pune Warriors",Delhi Daredevils,Pune Warriors,Pune Warriors,Delhi Daredevils,Feroz Shah Kotla,Delhi Daredevils,field,"Asad Rauf, S Das",SC Ganguly,UT Yadav,JD Ryder,4,0,0,0,0,0,4,0,0,,,,Pune Warriors,SC Ganguly,0,Runs
27,2012-04-21,male,T20,"Delhi Daredevils, Pune Warriors",Delhi Daredevils,Pune Warriors,Pune Warriors,Delhi Daredevils,Feroz Shah Kotla,Delhi Daredevils,field,"Asad Rauf, S Das",SC Ganguly,UT Yadav,JD Ryder,4,1,0,1,0,0,5,0,0,,,,Pune Warriors,SC Ganguly,0,Runs
27,2012-04-21,male,T20,"Delhi Daredevils, Pune Warriors",Delhi Daredevils,Pune Warriors,Pune Warriors,Delhi Daredevils,Feroz Shah Kotla,Delhi Daredevils,field,"Asad Rauf, S Das",JD Ryder,UT Yadav,SC Ganguly,4,6,0,6,0,0,6,0,0,,,,Pune Warriors,SC Ganguly,0,Runs
27,2012-04-21,male,T20,"Delhi Daredevils, Pune Warriors",Delhi Daredevils,Pune Warriors,Pune Warriors,Delhi Daredevils,Feroz Shah Kotla,Delhi Daredevils,field,"Asad Rauf, S Das",SC Ganguly,M Morkel,JD Ryder,5,4,0,4,0,0,1,0,0,,,,Pune Warriors,SC Ganguly,0,Runs
27,2012-04-21,male,T20,"Delhi Daredevils, Pune Warriors",Delhi Daredevils,Pune Warriors,Pune Warriors,Delhi Daredevils,Feroz Shah Kotla,Delhi Daredevils,field,"Asad Rauf, S Das",SC Ganguly,M Morkel,JD Ryder,5,1,0,1,0,0,2,0,0,,,,Pune Warriors,SC Ganguly,0,Runs
27,2012-04-21,male,T20,"Delhi Daredevils, Pune Warriors",Delhi Daredevils,Pune Warriors,Pune Warriors,Delhi Daredevils,Feroz Shah Kotla,Delhi Daredevils,field,"Asad Rauf, S Das",JD Ryder,M Morkel,SC Ganguly,5,4,1,5,0,0,3,1,0,,,,Pune Warriors,SC Ganguly,0,Runs
27,2012-04-21,male,T20,"Delhi Daredevils, Pune Warriors",Delhi Daredevils,Pune Warriors,Pune Warriors,Delhi Daredevils,Feroz Shah Kotla,Delhi Daredevils,field,"Asad Rauf, S Das",JD Ryder,M Morkel,SC Ganguly,5,2,0,2,0,0,4,0,0,,,,Pune Warriors,SC Ganguly,0,Runs
27,2012-04-21,male,T20,"Delhi Daredevils, Pune Warriors",Delhi Daredevils,Pune Warriors,Pune Warriors,Delhi Daredevils,Feroz Shah Kotla,Delhi Daredevils,field,"Asad Rauf, S Das",JD Ryder,M Morkel,SC Ganguly,5,4,0,4,0,0,5,0,0,,,,Pune Warriors,SC Ganguly,0,Runs
27,2012-04-21,male,T20,"Delhi Daredevils, Pune Warriors",Delhi Daredevils,Pune Warriors,Pune Warriors,Delhi Daredevils,Feroz Shah Kotla,Delhi Daredevils,field,"Asad Rauf, S Das",JD Ryder,M Morkel,SC Ganguly,5,1,0,1,0,0,6,0,0,,,,Pune Warriors,SC Ganguly,0,Runs
27,2012-04-21,male,T20,"Delhi Daredevils, Pune Warriors",Delhi Daredevils,Pune Warriors,Pune Warriors,Delhi Daredevils,Feroz Shah Kotla,Delhi Daredevils,field,"Asad Rauf, S Das",SC Ganguly,M Morkel,JD Ryder,5,1,0,1,0,0,7,0,0,,,,Pune Warriors,SC Ganguly,0,Runs
27,2012-04-21,male,T20,"Delhi Daredevils, Pune Warriors",Delhi Daredevils,Pune Warriors,Pune Warriors,Delhi Daredevils,Feroz Shah Kotla,Delhi Daredevils,field,"Asad Rauf, S Das",SC Ganguly,KP Pietersen,JD Ryder,6,1,0,1,0,0,1,0,0,,,,Pune Warriors,SC Ganguly,0,Runs
27,2012-04-21,male,T20,"Delhi Daredevils, Pune Warriors",Delhi Daredevils,Pune Warriors,Pune Warriors,Delhi Daredevils,Feroz Shah Kotla,Delhi Daredevils,field,"Asad Rauf, S Das",JD Ryder,KP Pietersen,SC Ganguly,6,1,0,1,0,0,2,0,0,,,,Pune Warriors,SC Ganguly,0,Runs
27,2012-04-21,male,T20,"Delhi Daredevils, Pune Warriors",Delhi Daredevils,Pune Warriors,Pune Warriors,Delhi Daredevils,Feroz Shah Kotla,Delhi Daredevils,field,"Asad Rauf, S Das",SC Ganguly,KP Pietersen,JD Ryder,6,0,0,0,0,0,3,0,0,,,,Pune Warriors,SC Ganguly,0,Runs
27,2012-04-21,male,T20,"Delhi Daredevils, Pune Warriors",Delhi Daredevils,Pune Warriors,Pune Warriors,Delhi Daredevils,Feroz Shah Kotla,Delhi Daredevils,field,"Asad Rauf, S Das",SC Ganguly,KP Pietersen,JD Ryder,6,1,0,1,0,0,4,0,0,,,,Pune Warriors,SC Ganguly,0,Runs
27,2012-04-21,male,T20,"Delhi Daredevils, Pune Warriors",Delhi Daredevils,Pune Warriors,Pune Warriors,Delhi Daredevils,Feroz Shah Kotla,Delhi Daredevils,field,"Asad Rauf, S Das",JD Ryder,KP Pietersen,SC Ganguly,6,0,0,0,0,0,5,0,0,,,,Pune Warriors,SC Ganguly,0,Runs
27,2012-04-21,male,T20,"Delhi Daredevils, Pune Warriors",Delhi Daredevils,Pune Warriors,Pune Warriors,Delhi Daredevils,Feroz Shah Kotla,Delhi Daredevils,field,"Asad Rauf, S Das",JD Ryder,KP Pietersen,SC Ganguly,6,1,0,1,0,0,6,0,0,,,,Pune Warriors,SC Ganguly,0,Runs
27,2012-04-21,male,T20,"Delhi Daredevils, Pune Warriors",Delhi Daredevils,Pune Warriors,Pune Warriors,Delhi Daredevils,Feroz Shah Kotla,Delhi Daredevils,field,"Asad Rauf, S Das",JD Ryder,V Sehwag,SC Ganguly,7,4,0,4,0,0,1,0,0,,,,Pune Warriors,SC Ganguly,0,Runs
27,2012-04-21,male,T20,"Delhi Daredevils, Pune Warriors",Delhi Daredevils,Pune Warriors,Pune Warriors,Delhi Daredevils,Feroz Shah Kotla,Delhi Daredevils,field,"Asad Rauf, S Das",JD Ryder,V Sehwag,SC Ganguly,7,0,0,0,0,0,2,0,0,,,,Pune Warriors,SC Ganguly,0,Runs
27,2012-04-21,male,T20,"Delhi Daredevils, Pune Warriors",Delhi Daredevils,Pune Warriors,Pune Warriors,Delhi Daredevils,Feroz Shah Kotla,Delhi Daredevils,field,"Asad Rauf, S Das",JD Ryder,V Sehwag,SC Ganguly,7,0,0,0,0,0,3,0,0,,,,Pune Warriors,SC Ganguly,0,Runs
27,2012-04-21,male,T20,"Delhi Daredevils, Pune Warriors",Delhi Daredevils,Pune Warriors,Pune Warriors,Delhi Daredevils,Feroz Shah Kotla,Delhi Daredevils,field,"Asad Rauf, S Das",JD Ryder,V Sehwag,SC Ganguly,7,1,0,1,0,0,4,0,0,,,,Pune Warriors,SC Ganguly,0,Runs
27,2012-04-21,male,T20,"Delhi Daredevils, Pune Warriors",Delhi Daredevils,Pune Warriors,Pune Warriors,Delhi Daredevils,Feroz Shah Kotla,Delhi Daredevils,field,"Asad Rauf, S Das",SC Ganguly,V Sehwag,JD Ryder,7,0,0,0,0,0,5,0,0,,,,Pune Warriors,SC Ganguly,0,Runs
27,2012-04-21,male,T20,"Delhi Daredevils, Pune Warriors",Delhi Daredevils,Pune Warriors,Pune Warriors,Delhi Daredevils,Feroz Shah Kotla,Delhi Daredevils,field,"Asad Rauf, S Das",SC Ganguly,V Sehwag,JD Ryder,7,4,0,4,0,0,6,0,0,,,,Pune Warriors,SC Ganguly,0,Runs
27,2012-04-21,male,T20,"Delhi Daredevils, Pune Warriors",Delhi Daredevils,Pune Warriors,Pune Warriors,Delhi Daredevils,Feroz Shah Kotla,Delhi Daredevils,field,"Asad Rauf, S Das",JD Ryder,KP Pietersen,SC Ganguly,8,4,0,4,0,0,1,0,0,,,,Pune Warriors,SC Ganguly,0,Runs
27,2012-04-21,male,T20,"Delhi Daredevils, Pune Warriors",Delhi Daredevils,Pune Warriors,Pune Warriors,Delhi Daredevils,Feroz Shah Kotla,Delhi Daredevils,field,"Asad Rauf, S Das",JD Ryder,KP Pietersen,SC Ganguly,8,1,0,1,0,0,2,0,0,,,,Pune Warriors,SC Ganguly,0,Runs
27,2012-04-21,male,T20,"Delhi Daredevils, Pune Warriors",Delhi Daredevils,Pune Warriors,Pune Warriors,Delhi Daredevils,Feroz Shah Kotla,Delhi Daredevils,field,"Asad Rauf, S Das",SC Ganguly,KP Pietersen,JD Ryder,8,0,1,1,0,0,3,0,1,,,,Pune Warriors,SC Ganguly,0,Runs
27,2012-04-21,male,T20,"Delhi Daredevils, Pune Warriors",Delhi Daredevils,Pune Warriors,Pune Warriors,Delhi Daredevils,Feroz Shah Kotla,Delhi Daredevils,field,"Asad Rauf, S Das",SC Ganguly,KP Pietersen,JD Ryder,8,6,0,6,0,0,4,0,0,,,,Pune Warriors,SC Ganguly,0,Runs
27,2012-04-21,male,T20,"Delhi Daredevils, Pune Warriors",Delhi Daredevils,Pune Warriors,Pune Warriors,Delhi Daredevils,Feroz Shah Kotla,Delhi Daredevils,field,"Asad Rauf, S Das",SC Ganguly,KP Pietersen,JD Ryder,8,1,0,1,0,0,5,0,0,,,,Pune Warriors,SC Ganguly,0,Runs
27,2012-04-21,male,T20,"Delhi Daredevils, Pune Warriors",Delhi Daredevils,Pune Warriors,Pune Warriors,Delhi Daredevils,Feroz Shah Kotla,Delhi Daredevils,field,"Asad Rauf, S Das",JD Ryder,KP Pietersen,SC Ganguly,8,1,0,1,0,0,6,0,0,,,,Pune Warriors,SC Ganguly,0,Runs
27,2012-04-21,male,T20,"Delhi Daredevils, Pune Warriors",Delhi Daredevils,Pune Warriors,Pune Warriors,Delhi Daredevils,Feroz Shah Kotla,Delhi Daredevils,field,"Asad Rauf, S Das",SC Ganguly,KP Pietersen,JD Ryder,8,0,1,1,0,0,7,0,1,,,,Pune Warriors,SC Ganguly,0,Runs
27,2012-04-21,male,T20,"Delhi Daredevils, Pune Warriors",Delhi Daredevils,Pune Warriors,Pune Warriors,Delhi Daredevils,Feroz Shah Kotla,Delhi Daredevils,field,"Asad Rauf, S Das",SC Ganguly,KP Pietersen,JD Ryder,8,0,1,1,0,0,8,0,1,,,,Pune Warriors,SC Ganguly,0,Runs
27,2012-04-21,male,T20,"Delhi Daredevils, Pune Warriors",Delhi Daredevils,Pune Warriors,Pune Warriors,Delhi Daredevils,Feroz Shah Kotla,Delhi Daredevils,field,"Asad Rauf, S Das",SC Ganguly,KP Pietersen,JD Ryder,8,1,0,1,0,0,9,0,0,,,,Pune Warriors,SC Ganguly,0,Runs
27,2012-04-21,male,T20,"Delhi Daredevils, Pune Warriors",Delhi Daredevils,Pune Warriors,Pune Warriors,Delhi Daredevils,Feroz Shah Kotla,Delhi Daredevils,field,"Asad Rauf, S Das",SC Ganguly,S Nadeem,JD Ryder,9,0,0,0,0,0,1,0,0,,,,Pune Warriors,SC Ganguly,0,Runs
27,2012-04-21,male,T20,"Delhi Daredevils, Pune Warriors",Delhi Daredevils,Pune Warriors,Pune Warriors,Delhi Daredevils,Feroz Shah Kotla,Delhi Daredevils,field,"Asad Rauf, S Das",SC Ganguly,S Nadeem,JD Ryder,9,0,1,1,0,0,2,0,1,,,,Pune Warriors,SC Ganguly,0,Runs
27,2012-04-21,male,T20,"Delhi Daredevils, Pune Warriors",Delhi Daredevils,Pune Warriors,Pune Warriors,Delhi Daredevils,Feroz Shah Kotla,Delhi Daredevils,field,"Asad Rauf, S Das",SC Ganguly,S Nadeem,JD Ryder,9,0,1,1,0,0,3,0,1,,,,Pune Warriors,SC Ganguly,0,Runs
27,2012-04-21,male,T20,"Delhi Daredevils, Pune Warriors",Delhi Daredevils,Pune Warriors,Pune Warriors,Delhi Daredevils,Feroz Shah Kotla,Delhi Daredevils,field,"Asad Rauf, S Das",SC Ganguly,S Nadeem,JD Ryder,9,1,0,1,0,0,4,0,0,,,,Pune Warriors,SC Ganguly,0,Runs
27,2012-04-21,male,T20,"Delhi Daredevils, Pune Warriors",Delhi Daredevils,Pune Warriors,Pune Warriors,Delhi Daredevils,Feroz Shah Kotla,Delhi Daredevils,field,"Asad Rauf, S Das",JD Ryder,S Nadeem,SC Ganguly,9,1,0,1,0,0,5,0,0,,,,Pune Warriors,SC Ganguly,0,Runs
27,2012-04-21,male,T20,"Delhi Daredevils, Pune Warriors",Delhi Daredevils,Pune Warriors,Pune Warriors,Delhi Daredevils,Feroz Shah Kotla,Delhi Daredevils,field,"Asad Rauf, S Das",SC Ganguly,S Nadeem,JD Ryder,9,1,0,1,0,0,6,0,0,,,,Pune Warriors,SC Ganguly,0,Runs
27,2012-04-21,male,T20,"Delhi Daredevils, Pune Warriors",Delhi Daredevils,Pune Warriors,Pune Warriors,Delhi Daredevils,Feroz Shah Kotla,Delhi Daredevils,field,"Asad Rauf, S Das",JD Ryder,S Nadeem,SC Ganguly,9,1,0,1,0,0,7,0,0,,,,Pune Warriors,SC Ganguly,0,Runs
27,2012-04-21,male,T20,"Delhi Daredevils, Pune Warriors",Delhi Daredevils,Pune Warriors,Pune Warriors,Delhi Daredevils,Feroz Shah Kotla,Delhi Daredevils,field,"Asad Rauf, S Das",SC Ganguly,S Nadeem,JD Ryder,9,0,0,0,0,0,8,0,0,,,,Pune Warriors,SC Ganguly,0,Runs
27,2012-04-21,male,T20,"Delhi Daredevils, Pune Warriors",Delhi Daredevils,Pune Warriors,Pune Warriors,Delhi Daredevils,Feroz Shah Kotla,Delhi Daredevils,field,"Asad Rauf, S Das",JD Ryder,UT Yadav,SC Ganguly,10,0,0,0,0,0,1,0,0,,,,Pune Warriors,SC Ganguly,0,Runs
27,2012-04-21,male,T20,"Delhi Daredevils, Pune Warriors",Delhi Daredevils,Pune Warriors,Pune Warriors,Delhi Daredevils,Feroz Shah Kotla,Delhi Daredevils,field,"Asad Rauf, S Das",JD Ryder,UT Yadav,SC Ganguly,10,1,0,1,0,0,2,0,0,,,,Pune Warriors,SC Ganguly,0,Runs
27,2012-04-21,male,T20,"Delhi Daredevils, Pune Warriors",Delhi Daredevils,Pune Warriors,Pune Warriors,Delhi Daredevils,Feroz Shah Kotla,Delhi Daredevils,field,"Asad Rauf, S Das",SC Ganguly,UT Yadav,JD Ryder,10,0,0,0,0,0,3,0,0,,,,Pune Warriors,SC Ganguly,0,Runs
27,2012-04-21,male,T20,"Delhi Daredevils, Pune Warriors",Delhi Daredevils,Pune Warriors,Pune Warriors,Delhi Daredevils,Feroz Shah Kotla,Delhi Daredevils,field,"Asad Rauf, S Das",SC Ganguly,UT Yadav,JD Ryder,10,1,0,1,0,0,4,0,0,,,,Pune Warriors,SC Ganguly,0,Runs
27,2012-04-21,male,T20,"Delhi Daredevils, Pune Warriors",Delhi Daredevils,Pune Warriors,Pune Warriors,Delhi Daredevils,Feroz Shah Kotla,Delhi Daredevils,field,"Asad Rauf, S Das",JD Ryder,UT Yadav,SC Ganguly,10,0,1,1,1,0,5,0,0,,,,Pune Warriors,SC Ganguly,0,Runs
27,2012-04-21,male,T20,"Delhi Daredevils, Pune Warriors",Delhi Daredevils,Pune Warriors,Pune Warriors,Delhi Daredevils,Feroz Shah Kotla,Delhi Daredevils,field,"Asad Rauf, S Das",SC Ganguly,UT Yadav,JD Ryder,10,0,0,0,0,0,6,0,0,,,,Pune Warriors,SC Ganguly,0,Runs
27,2012-04-21,male,T20,"Delhi Daredevils, Pune Warriors",Delhi Daredevils,Pune Warriors,Pune Warriors,Delhi Daredevils,Feroz Shah Kotla,Delhi Daredevils,field,"Asad Rauf, S Das",JD Ryder,S Nadeem,SC Ganguly,11,1,0,1,0,0,1,0,0,,,,Pune Warriors,SC Ganguly,0,Runs
27,2012-04-21,male,T20,"Delhi Daredevils, Pune Warriors",Delhi Daredevils,Pune Warriors,Pune Warriors,Delhi Daredevils,Feroz Shah Kotla,Delhi Daredevils,field,"Asad Rauf, S Das",SC Ganguly,S Nadeem,JD Ryder,11,4,0,4,0,0,2,0,0,,,,Pune Warriors,SC Ganguly,0,Runs
27,2012-04-21,male,T20,"Delhi Daredevils, Pune Warriors",Delhi Daredevils,Pune Warriors,Pune Warriors,Delhi Daredevils,Feroz Shah Kotla,Delhi Daredevils,field,"Asad Rauf, S Das",SC Ganguly,S Nadeem,JD Ryder,11,2,0,2,0,0,3,0,0,,,,Pune Warriors,SC Ganguly,0,Runs
27,2012-04-21,male,T20,"Delhi Daredevils, Pune Warriors",Delhi Daredevils,Pune Warriors,Pune Warriors,Delhi Daredevils,Feroz Shah Kotla,Delhi Daredevils,field,"Asad Rauf, S Das",SC Ganguly,S Nadeem,JD Ryder,11,0,1,1,1,0,4,0,0,,,,Pune Warriors,SC Ganguly,0,Runs
27,2012-04-21,male,T20,"Delhi Daredevils, Pune Warriors",Delhi Daredevils,Pune Warriors,Pune Warriors,Delhi Daredevils,Feroz Shah Kotla,Delhi Daredevils,field,"Asad Rauf, S Das",JD Ryder,S Nadeem,SC Ganguly,11,1,0,1,0,0,5,0,0,,,,Pune Warriors,SC Ganguly,0,Runs
27,2012-04-21,male,T20,"Delhi Daredevils, Pune Warriors",Delhi Daredevils,Pune Warriors,Pune Warriors,Delhi Daredevils,Feroz Shah Kotla,Delhi Daredevils,field,"Asad Rauf, S Das",SC Ganguly,S Nadeem,JD Ryder,11,4,0,4,0,0,6,0,0,,,,Pune Warriors,SC Ganguly,0,Runs
27,2012-04-21,male,T20,"Delhi Daredevils, Pune Warriors",Delhi Daredevils,Pune Warriors,Pune Warriors,Delhi Daredevils,Feroz Shah Kotla,Delhi Daredevils,field,"Asad Rauf, S Das",JD Ryder,Y Nagar,SC Ganguly,12,1,0,1,0,0,1,0,0,,,,Pune Warriors,SC Ganguly,0,Runs
27,2012-04-21,male,T20,"Delhi Daredevils, Pune Warriors",Delhi Daredevils,Pune Warriors,Pune Warriors,Delhi Daredevils,Feroz Shah Kotla,Delhi Daredevils,field,"Asad Rauf, S Das",SC Ganguly,Y Nagar,JD Ryder,12,1,0,1,0,0,2,0,0,,,,Pune Warriors,SC Ganguly,0,Runs
27,2012-04-21,male,T20,"Delhi Daredevils, Pune Warriors",Delhi Daredevils,Pune Warriors,Pune Warriors,Delhi Daredevils,Feroz Shah Kotla,Delhi Daredevils,field,"Asad Rauf, S Das",JD Ryder,Y Nagar,SC Ganguly,12,0,0,0,0,0,3,0,0,,,,Pune Warriors,SC Ganguly,0,Runs
27,2012-04-21,male,T20,"Delhi Daredevils, Pune Warriors",Delhi Daredevils,Pune Warriors,Pune Warriors,Delhi Daredevils,Feroz Shah Kotla,Delhi Daredevils,field,"Asad Rauf, S Das",JD Ryder,Y Nagar,SC Ganguly,12,1,0,1,0,0,4,0,0,,,,Pune Warriors,SC Ganguly,0,Runs
27,2012-04-21,male,T20,"Delhi Daredevils, Pune Warriors",Delhi Daredevils,Pune Warriors,Pune Warriors,Delhi Daredevils,Feroz Shah Kotla,Delhi Daredevils,field,"Asad Rauf, S Das",SC Ganguly,Y Nagar,JD Ryder,12,4,0,4,0,0,5,0,0,,,,Pune Warriors,SC Ganguly,0,Runs
27,2012-04-21,male,T20,"Delhi Daredevils, Pune Warriors",Delhi Daredevils,Pune Warriors,Pune Warriors,Delhi Daredevils,Feroz Shah Kotla,Delhi Daredevils,field,"Asad Rauf, S Das",SC Ganguly,Y Nagar,JD Ryder,12,0,2,2,0,0,6,0,2,,,,Pune Warriors,SC Ganguly,0,Runs
27,2012-04-21,male,T20,"Delhi Daredevils, Pune Warriors",Delhi Daredevils,Pune Warriors,Pune Warriors,Delhi Daredevils,Feroz Shah Kotla,Delhi Daredevils,field,"Asad Rauf, S Das",JD Ryder,Y Nagar,SC Ganguly,12,1,0,1,0,0,7,0,0,,,,Pune Warriors,SC Ganguly,0,Runs
27,2012-04-21,male,T20,"Delhi Daredevils, Pune Warriors",Delhi Daredevils,Pune Warriors,Pune Warriors,Delhi Daredevils,Feroz Shah Kotla,Delhi Daredevils,field,"Asad Rauf, S Das",JD Ryder,IK Pathan,SC Ganguly,13,1,0,1,0,0,1,0,0,,,,Pune Warriors,SC Ganguly,0,Runs
27,2012-04-21,male,T20,"Delhi Daredevils, Pune Warriors",Delhi Daredevils,Pune Warriors,Pune Warriors,Delhi Daredevils,Feroz Shah Kotla,Delhi Daredevils,field,"Asad Rauf, S Das",SC Ganguly,IK Pathan,JD Ryder,13,0,0,0,0,0,2,0,0,,,,Pune Warriors,SC Ganguly,0,Runs
27,2012-04-21,male,T20,"Delhi Daredevils, Pune Warriors",Delhi Daredevils,Pune Warriors,Pune Warriors,Delhi Daredevils,Feroz Shah Kotla,Delhi Daredevils,field,"Asad Rauf, S Das",SC Ganguly,IK Pathan,JD Ryder,13,1,0,1,0,0,3,0,0,,,,Pune Warriors,SC Ganguly,0,Runs
27,2012-04-21,male,T20,"Delhi Daredevils, Pune Warriors",Delhi Daredevils,Pune Warriors,Pune Warriors,Delhi Daredevils,Feroz Shah Kotla,Delhi Daredevils,field,"Asad Rauf, S Das",JD Ryder,IK Pathan,SC Ganguly,13,1,0,1,0,0,4,0,0,,,,Pune Warriors,SC Ganguly,0,Runs
27,2012-04-21,male,T20,"Delhi Daredevils, Pune Warriors",Delhi Daredevils,Pune Warriors,Pune Warriors,Delhi Daredevils,Feroz Shah Kotla,Delhi Daredevils,field,"Asad Rauf, S Das",SC Ganguly,IK Pathan,JD Ryder,13,0,0,0,0,0,5,0,0,,,,Pune Warriors,SC Ganguly,0,Runs
27,2012-04-21,male,T20,"Delhi Daredevils, Pune Warriors",Delhi Daredevils,Pune Warriors,Pune Warriors,Delhi Daredevils,Feroz Shah Kotla,Delhi Daredevils,field,"Asad Rauf, S Das",SC Ganguly,IK Pathan,JD Ryder,13,0,1,1,0,0,6,0,1,,,,Pune Warriors,SC Ganguly,0,Runs
27,2012-04-21,male,T20,"Delhi Daredevils, Pune Warriors",Delhi Daredevils,Pune Warriors,Pune Warriors,Delhi Daredevils,Feroz Shah Kotla,Delhi Daredevils,field,"Asad Rauf, S Das",SC Ganguly,IK Pathan,JD Ryder,13,0,0,0,0,0,7,0,0,,,,Pune Warriors,SC Ganguly,0,Runs
27,2012-04-21,male,T20,"Delhi Daredevils, Pune Warriors",Delhi Daredevils,Pune Warriors,Pune Warriors,Delhi Daredevils,Feroz Shah Kotla,Delhi Daredevils,field,"Asad Rauf, S Das",JD Ryder,M Morkel,SC Ganguly,14,1,0,1,0,0,1,0,0,,,,Pune Warriors,SC Ganguly,0,Runs
27,2012-04-21,male,T20,"Delhi Daredevils, Pune Warriors",Delhi Daredevils,Pune Warriors,Pune Warriors,Delhi Daredevils,Feroz Shah Kotla,Delhi Daredevils,field,"Asad Rauf, S Das",SC Ganguly,M Morkel,JD Ryder,14,0,0,0,0,0,2,0,0,SC Ganguly,caught,UT Yadav,Pune Warriors,SC Ganguly,1,Runs
27,2012-04-21,male,T20,"Delhi Daredevils, Pune Warriors",Delhi Daredevils,Pune Warriors,Pune Warriors,Delhi Daredevils,Feroz Shah Kotla,Delhi Daredevils,field,"Asad Rauf, S Das",SPD Smith,M Morkel,JD Ryder,14,1,0,1,0,0,3,0,0,,,,Pune Warriors,SC Ganguly,0,Runs
27,2012-04-21,male,T20,"Delhi Daredevils, Pune Warriors",Delhi Daredevils,Pune Warriors,Pune Warriors,Delhi Daredevils,Feroz Shah Kotla,Delhi Daredevils,field,"Asad Rauf, S Das",JD Ryder,M Morkel,SPD Smith,14,0,0,0,0,0,4,0,0,,,,Pune Warriors,SC Ganguly,0,Runs
27,2012-04-21,male,T20,"Delhi Daredevils, Pune Warriors",Delhi Daredevils,Pune Warriors,Pune Warriors,Delhi Daredevils,Feroz Shah Kotla,Delhi Daredevils,field,"Asad Rauf, S Das",JD Ryder,M Morkel,SPD Smith,14,1,0,1,0,0,5,0,0,,,,Pune Warriors,SC Ganguly,0,Runs
27,2012-04-21,male,T20,"Delhi Daredevils, Pune Warriors",Delhi Daredevils,Pune Warriors,Pune Warriors,Delhi Daredevils,Feroz Shah Kotla,Delhi Daredevils,field,"Asad Rauf, S Das",SPD Smith,M Morkel,JD Ryder,14,4,0,4,0,0,6,0,0,,,,Pune Warriors,SC Ganguly,0,Runs
27,2012-04-21,male,T20,"Delhi Daredevils, Pune Warriors",Delhi Daredevils,Pune Warriors,Pune Warriors,Delhi Daredevils,Feroz Shah Kotla,Delhi Daredevils,field,"Asad Rauf, S Das",JD Ryder,IK Pathan,SPD Smith,15,1,0,1,0,0,1,0,0,,,,Pune Warriors,SC Ganguly,0,Runs
27,2012-04-21,male,T20,"Delhi Daredevils, Pune Warriors",Delhi Daredevils,Pune Warriors,Pune Warriors,Delhi Daredevils,Feroz Shah Kotla,Delhi Daredevils,field,"Asad Rauf, S Das",SPD Smith,IK Pathan,JD Ryder,15,2,0,2,0,0,2,0,0,,,,Pune Warriors,SC Ganguly,0,Runs
27,2012-04-21,male,T20,"Delhi Daredevils, Pune Warriors",Delhi Daredevils,Pune Warriors,Pune Warriors,Delhi Daredevils,Feroz Shah Kotla,Delhi Daredevils,field,"Asad Rauf, S Das",SPD Smith,IK Pathan,JD Ryder,15,1,0,1,0,0,3,0,0,,,,Pune Warriors,SC Ganguly,0,Runs
27,2012-04-21,male,T20,"Delhi Daredevils, Pune Warriors",Delhi Daredevils,Pune Warriors,Pune Warriors,Delhi Daredevils,Feroz Shah Kotla,Delhi Daredevils,field,"Asad Rauf, S Das",JD Ryder,IK Pathan,SPD Smith,15,4,0,4,0,0,4,0,0,,,,Pune Warriors,SC Ganguly,0,Runs
27,2012-04-21,male,T20,"Delhi Daredevils, Pune Warriors",Delhi Daredevils,Pune Warriors,Pune Warriors,Delhi Daredevils,Feroz Shah Kotla,Delhi Daredevils,field,"Asad Rauf, S Das",JD Ryder,IK Pathan,SPD Smith,15,2,0,2,0,0,5,0,0,,,,Pune Warriors,SC Ganguly,0,Runs
27,2012-04-21,male,T20,"Delhi Daredevils, Pune Warriors",Delhi Daredevils,Pune Warriors,Pune Warriors,Delhi Daredevils,Feroz Shah Kotla,Delhi Daredevils,field,"Asad Rauf, S Das",JD Ryder,IK Pathan,SPD Smith,15,1,0,1,0,0,6,0,0,,,,Pune Warriors,SC Ganguly,0,Runs
27,2012-04-21,male,T20,"Delhi Daredevils, Pune Warriors",Delhi Daredevils,Pune Warriors,Pune Warriors,Delhi Daredevils,Feroz Shah Kotla,Delhi Daredevils,field,"Asad Rauf, S Das",JD Ryder,UT Yadav,SPD Smith,16,0,0,0,0,0,1,0,0,,,,Pune Warriors,SC Ganguly,0,Runs
27,2012-04-21,male,T20,"Delhi Daredevils, Pune Warriors",Delhi Daredevils,Pune Warriors,Pune Warriors,Delhi Daredevils,Feroz Shah Kotla,Delhi Daredevils,field,"Asad Rauf, S Das",JD Ryder,UT Yadav,SPD Smith,16,1,0,1,0,0,2,0,0,,,,Pune Warriors,SC Ganguly,0,Runs
27,2012-04-21,male,T20,"Delhi Daredevils, Pune Warriors",Delhi Daredevils,Pune Warriors,Pune Warriors,Delhi Daredevils,Feroz Shah Kotla,Delhi Daredevils,field,"Asad Rauf, S Das",SPD Smith,UT Yadav,JD Ryder,16,0,1,1,1,0,3,0,0,,,,Pune Warriors,SC Ganguly,0,Runs
27,2012-04-21,male,T20,"Delhi Daredevils, Pune Warriors",Delhi Daredevils,Pune Warriors,Pune Warriors,Delhi Daredevils,Feroz Shah Kotla,Delhi Daredevils,field,"Asad Rauf, S Das",JD Ryder,UT Yadav,SPD Smith,16,6,0,6,0,0,4,0,0,,,,Pune Warriors,SC Ganguly,0,Runs
27,2012-04-21,male,T20,"Delhi Daredevils, Pune Warriors",Delhi Daredevils,Pune Warriors,Pune Warriors,Delhi Daredevils,Feroz Shah Kotla,Delhi Daredevils,field,"Asad Rauf, S Das",JD Ryder,UT Yadav,SPD Smith,16,0,0,0,0,0,5,0,0,,,,Pune Warriors,SC Ganguly,0,Runs
27,2012-04-21,male,T20,"Delhi Daredevils, Pune Warriors",Delhi Daredevils,Pune Warriors,Pune Warriors,Delhi Daredevils,Feroz Shah Kotla,Delhi Daredevils,field,"Asad Rauf, S Das",JD Ryder,UT Yadav,SPD Smith,16,4,0,4,0,0,6,0,0,,,,Pune Warriors,SC Ganguly,0,Runs
27,2012-04-21,male,T20,"Delhi Daredevils, Pune Warriors",Delhi Daredevils,Pune Warriors,Pune Warriors,Delhi Daredevils,Feroz Shah Kotla,Delhi Daredevils,field,"Asad Rauf, S Das",SPD Smith,S Nadeem,JD Ryder,17,0,1,1,0,0,1,0,1,,,,Pune Warriors,SC Ganguly,0,Runs
27,2012-04-21,male,T20,"Delhi Daredevils, Pune Warriors",Delhi Daredevils,Pune Warriors,Pune Warriors,Delhi Daredevils,Feroz Shah Kotla,Delhi Daredevils,field,"Asad Rauf, S Das",SPD Smith,S Nadeem,JD Ryder,17,4,0,4,0,0,2,0,0,,,,Pune Warriors,SC Ganguly,0,Runs
27,2012-04-21,male,T20,"Delhi Daredevils, Pune Warriors",Delhi Daredevils,Pune Warriors,Pune Warriors,Delhi Daredevils,Feroz Shah Kotla,Delhi Daredevils,field,"Asad Rauf, S Das",SPD Smith,S Nadeem,JD Ryder,17,6,0,6,0,0,3,0,0,,,,Pune Warriors,SC Ganguly,0,Runs
27,2012-04-21,male,T20,"Delhi Daredevils, Pune Warriors",Delhi Daredevils,Pune Warriors,Pune Warriors,Delhi Daredevils,Feroz Shah Kotla,Delhi Daredevils,field,"Asad Rauf, S Das",SPD Smith,S Nadeem,JD Ryder,17,1,0,1,0,0,4,0,0,,,,Pune Warriors,SC Ganguly,0,Runs
27,2012-04-21,male,T20,"Delhi Daredevils, Pune Warriors",Delhi Daredevils,Pune Warriors,Pune Warriors,Delhi Daredevils,Feroz Shah Kotla,Delhi Daredevils,field,"Asad Rauf, S Das",JD Ryder,S Nadeem,SPD Smith,17,1,0,1,0,0,5,0,0,,,,Pune Warriors,SC Ganguly,0,Runs
27,2012-04-21,male,T20,"Delhi Daredevils, Pune Warriors",Delhi Daredevils,Pune Warriors,Pune Warriors,Delhi Daredevils,Feroz Shah Kotla,Delhi Daredevils,field,"Asad Rauf, S Das",SPD Smith,S Nadeem,JD Ryder,17,4,0,4,0,0,6,0,0,,,,Pune Warriors,SC Ganguly,0,Runs
27,2012-04-21,male,T20,"Delhi Daredevils, Pune Warriors",Delhi Daredevils,Pune Warriors,Pune Warriors,Delhi Daredevils,Feroz Shah Kotla,Delhi Daredevils,field,"Asad Rauf, S Das",SPD Smith,S Nadeem,JD Ryder,17,6,0,6,0,0,7,0,0,,,,Pune Warriors,SC Ganguly,0,Runs
27,2012-04-21,male,T20,"Delhi Daredevils, Pune Warriors",Delhi Daredevils,Pune Warriors,Pune Warriors,Delhi Daredevils,Feroz Shah Kotla,Delhi Daredevils,field,"Asad Rauf, S Das",JD Ryder,UT Yadav,SPD Smith,18,0,0,0,0,0,1,0,0,,,,Pune Warriors,SC Ganguly,0,Runs
27,2012-04-21,male,T20,"Delhi Daredevils, Pune Warriors",Delhi Daredevils,Pune Warriors,Pune Warriors,Delhi Daredevils,Feroz Shah Kotla,Delhi Daredevils,field,"Asad Rauf, S Das",JD Ryder,UT Yadav,SPD Smith,18,0,0,0,0,0,2,0,0,,,,Pune Warriors,SC Ganguly,0,Runs
27,2012-04-21,male,T20,"Delhi Daredevils, Pune Warriors",Delhi Daredevils,Pune Warriors,Pune Warriors,Delhi Daredevils,Feroz Shah Kotla,Delhi Daredevils,field,"Asad Rauf, S Das",JD Ryder,UT Yadav,SPD Smith,18,2,0,2,0,0,3,0,0,,,,Pune Warriors,SC Ganguly,0,Runs
27,2012-04-21,male,T20,"Delhi Daredevils, Pune Warriors",Delhi Daredevils,Pune Warriors,Pune Warriors,Delhi Daredevils,Feroz Shah Kotla,Delhi Daredevils,field,"Asad Rauf, S Das",JD Ryder,UT Yadav,SPD Smith,18,6,0,6,0,0,4,0,0,,,,Pune Warriors,SC Ganguly,0,Runs
27,2012-04-21,male,T20,"Delhi Daredevils, Pune Warriors",Delhi Daredevils,Pune Warriors,Pune Warriors,Delhi Daredevils,Feroz Shah Kotla,Delhi Daredevils,field,"Asad Rauf, S Das",JD Ryder,UT Yadav,SPD Smith,18,1,0,1,0,0,5,0,0,,,,Pune Warriors,SC Ganguly,0,Runs
27,2012-04-21,male,T20,"Delhi Daredevils, Pune Warriors",Delhi Daredevils,Pune Warriors,Pune Warriors,Delhi Daredevils,Feroz Shah Kotla,Delhi Daredevils,field,"Asad Rauf, S Das",SPD Smith,UT Yadav,JD Ryder,18,0,0,0,0,0,6,0,0,,,,Pune Warriors,SC Ganguly,0,Runs
27,2012-04-21,male,T20,"Delhi Daredevils, Pune Warriors",Delhi Daredevils,Pune Warriors,Pune Warriors,Delhi Daredevils,Feroz Shah Kotla,Delhi Daredevils,field,"Asad Rauf, S Das",JD Ryder,M Morkel,SPD Smith,19,1,0,1,0,0,1,0,0,,,,Pune Warriors,SC Ganguly,0,Runs
27,2012-04-21,male,T20,"Delhi Daredevils, Pune Warriors",Delhi Daredevils,Pune Warriors,Pune Warriors,Delhi Daredevils,Feroz Shah Kotla,Delhi Daredevils,field,"Asad Rauf, S Das",SPD Smith,M Morkel,JD Ryder,19,4,0,4,0,0,2,0,0,,,,Pune Warriors,SC Ganguly,0,Runs
27,2012-04-21,male,T20,"Delhi Daredevils, Pune Warriors",Delhi Daredevils,Pune Warriors,Pune Warriors,Delhi Daredevils,Feroz Shah Kotla,Delhi Daredevils,field,"Asad Rauf, S Das",SPD Smith,M Morkel,JD Ryder,19,1,0,1,0,0,3,0,0,,,,Pune Warriors,SC Ganguly,0,Runs
27,2012-04-21,male,T20,"Delhi Daredevils, Pune Warriors",Delhi Daredevils,Pune Warriors,Pune Warriors,Delhi Daredevils,Feroz Shah Kotla,Delhi Daredevils,field,"Asad Rauf, S Das",JD Ryder,M Morkel,SPD Smith,19,0,0,0,0,0,4,0,0,JD Ryder,bowled,,Pune Warriors,SC Ganguly,1,Runs
27,2012-04-21,male,T20,"Delhi Daredevils, Pune Warriors",Delhi Daredevils,Pune Warriors,Pune Warriors,Delhi Daredevils,Feroz Shah Kotla,Delhi Daredevils,field,"Asad Rauf, S Das",AD Mathews,M Morkel,SPD Smith,19,4,0,4,0,0,5,0,0,,,,Pune Warriors,SC Ganguly,0,Runs
27,2012-04-21,male,T20,"Delhi Daredevils, Pune Warriors",Delhi Daredevils,Pune Warriors,Pune Warriors,Delhi Daredevils,Feroz Shah Kotla,Delhi Daredevils,field,"Asad Rauf, S Das",AD Mathews,M Morkel,SPD Smith,19,2,0,2,0,0,6,0,0,,,,Pune Warriors,SC Ganguly,0,Runs
27,2012-04-21,male,T20,"Delhi Daredevils, Pune Warriors",Delhi Daredevils,Pune Warriors,Delhi Daredevils,Pune Warriors,Feroz Shah Kotla,Delhi Daredevils,field,"Asad Rauf, S Das",DPMD Jayawardene,AC Thomas,V Sehwag,0,1,0,1,0,0,1,0,0,,,,Pune Warriors,SC Ganguly,0,Runs
27,2012-04-21,male,T20,"Delhi Daredevils, Pune Warriors",Delhi Daredevils,Pune Warriors,Delhi Daredevils,Pune Warriors,Feroz Shah Kotla,Delhi Daredevils,field,"Asad Rauf, S Das",V Sehwag,AC Thomas,DPMD Jayawardene,0,0,0,0,0,0,2,0,0,,,,Pune Warriors,SC Ganguly,0,Runs
27,2012-04-21,male,T20,"Delhi Daredevils, Pune Warriors",Delhi Daredevils,Pune Warriors,Delhi Daredevils,Pune Warriors,Feroz Shah Kotla,Delhi Daredevils,field,"Asad Rauf, S Das",V Sehwag,AC Thomas,DPMD Jayawardene,0,0,0,0,0,0,3,0,0,,,,Pune Warriors,SC Ganguly,0,Runs
27,2012-04-21,male,T20,"Delhi Daredevils, Pune Warriors",Delhi Daredevils,Pune Warriors,Delhi Daredevils,Pune Warriors,Feroz Shah Kotla,Delhi Daredevils,field,"Asad Rauf, S Das",V Sehwag,AC Thomas,DPMD Jayawardene,0,4,0,4,0,0,4,0,0,,,,Pune Warriors,SC Ganguly,0,Runs
27,2012-04-21,male,T20,"Delhi Daredevils, Pune Warriors",Delhi Daredevils,Pune Warriors,Delhi Daredevils,Pune Warriors,Feroz Shah Kotla,Delhi Daredevils,field,"Asad Rauf, S Das",V Sehwag,AC Thomas,DPMD Jayawardene,0,0,0,0,0,0,5,0,0,,,,Pune Warriors,SC Ganguly,0,Runs
27,2012-04-21,male,T20,"Delhi Daredevils, Pune Warriors",Delhi Daredevils,Pune Warriors,Delhi Daredevils,Pune Warriors,Feroz Shah Kotla,Delhi Daredevils,field,"Asad Rauf, S Das",V Sehwag,AC Thomas,DPMD Jayawardene,0,0,0,0,0,0,6,0,0,,,,Pune Warriors,SC Ganguly,0,Runs
27,2012-04-21,male,T20,"Delhi Daredevils, Pune Warriors",Delhi Daredevils,Pune Warriors,Delhi Daredevils,Pune Warriors,Feroz Shah Kotla,Delhi Daredevils,field,"Asad Rauf, S Das",DPMD Jayawardene,A Nehra,V Sehwag,1,0,0,0,0,0,1,0,0,,,,Pune Warriors,SC Ganguly,0,Runs
27,2012-04-21,male,T20,"Delhi Daredevils, Pune Warriors",Delhi Daredevils,Pune Warriors,Delhi Daredevils,Pune Warriors,Feroz Shah Kotla,Delhi Daredevils,field,"Asad Rauf, S Das",DPMD Jayawardene,A Nehra,V Sehwag,1,1,0,1,0,0,2,0,0,,,,Pune Warriors,SC Ganguly,0,Runs
27,2012-04-21,male,T20,"Delhi Daredevils, Pune Warriors",Delhi Daredevils,Pune Warriors,Delhi Daredevils,Pune Warriors,Feroz Shah Kotla,Delhi Daredevils,field,"Asad Rauf, S Das",V Sehwag,A Nehra,DPMD Jayawardene,1,1,0,1,0,0,3,0,0,,,,Pune Warriors,SC Ganguly,0,Runs
27,2012-04-21,male,T20,"Delhi Daredevils, Pune Warriors",Delhi Daredevils,Pune Warriors,Delhi Daredevils,Pune Warriors,Feroz Shah Kotla,Delhi Daredevils,field,"Asad Rauf, S Das",DPMD Jayawardene,A Nehra,V Sehwag,1,0,0,0,0,0,4,0,0,,,,Pune Warriors,SC Ganguly,0,Runs
27,2012-04-21,male,T20,"Delhi Daredevils, Pune Warriors",Delhi Daredevils,Pune Warriors,Delhi Daredevils,Pune Warriors,Feroz Shah Kotla,Delhi Daredevils,field,"Asad Rauf, S Das",DPMD Jayawardene,A Nehra,V Sehwag,1,4,0,4,0,0,5,0,0,,,,Pune Warriors,SC Ganguly,0,Runs
27,2012-04-21,male,T20,"Delhi Daredevils, Pune Warriors",Delhi Daredevils,Pune Warriors,Delhi Daredevils,Pune Warriors,Feroz Shah Kotla,Delhi Daredevils,field,"Asad Rauf, S Das",DPMD Jayawardene,A Nehra,V Sehwag,1,1,0,1,0,0,6,0,0,,,,Pune Warriors,SC Ganguly,0,Runs
27,2012-04-21,male,T20,"Delhi Daredevils, Pune Warriors",Delhi Daredevils,Pune Warriors,Delhi Daredevils,Pune Warriors,Feroz Shah Kotla,Delhi Daredevils,field,"Asad Rauf, S Das",DPMD Jayawardene,AC Thomas,V Sehwag,2,0,0,0,0,0,1,0,0,DPMD Jayawardene,caught,SPD Smith,Pune Warriors,SC Ganguly,1,Runs
27,2012-04-21,male,T20,"Delhi Daredevils, Pune Warriors",Delhi Daredevils,Pune Warriors,Delhi Daredevils,Pune Warriors,Feroz Shah Kotla,Delhi Daredevils,field,"Asad Rauf, S Das",KP Pietersen,AC Thomas,V Sehwag,2,0,0,0,0,0,2,0,0,,,,Pune Warriors,SC Ganguly,0,Runs
27,2012-04-21,male,T20,"Delhi Daredevils, Pune Warriors",Delhi Daredevils,Pune Warriors,Delhi Daredevils,Pune Warriors,Feroz Shah Kotla,Delhi Daredevils,field,"Asad Rauf, S Das",KP Pietersen,AC Thomas,V Sehwag,2,2,0,2,0,0,3,0,0,,,,Pune Warriors,SC Ganguly,0,Runs
27,2012-04-21,male,T20,"Delhi Daredevils, Pune Warriors",Delhi Daredevils,Pune Warriors,Delhi Daredevils,Pune Warriors,Feroz Shah Kotla,Delhi Daredevils,field,"Asad Rauf, S Das",KP Pietersen,AC Thomas,V Sehwag,2,0,0,0,0,0,4,0,0,,,,Pune Warriors,SC Ganguly,0,Runs
27,2012-04-21,male,T20,"Delhi Daredevils, Pune Warriors",Delhi Daredevils,Pune Warriors,Delhi Daredevils,Pune Warriors,Feroz Shah Kotla,Delhi Daredevils,field,"Asad Rauf, S Das",KP Pietersen,AC Thomas,V Sehwag,2,0,0,0,0,0,5,0,0,,,,Pune Warriors,SC Ganguly,0,Runs
27,2012-04-21,male,T20,"Delhi Daredevils, Pune Warriors",Delhi Daredevils,Pune Warriors,Delhi Daredevils,Pune Warriors,Feroz Shah Kotla,Delhi Daredevils,field,"Asad Rauf, S Das",KP Pietersen,AC Thomas,V Sehwag,2,0,0,0,0,0,6,0,0,,,,Pune Warriors,SC Ganguly,0,Runs
27,2012-04-21,male,T20,"Delhi Daredevils, Pune Warriors",Delhi Daredevils,Pune Warriors,Delhi Daredevils,Pune Warriors,Feroz Shah Kotla,Delhi Daredevils,field,"Asad Rauf, S Das",V Sehwag,A Nehra,KP Pietersen,3,1,0,1,0,0,1,0,0,,,,Pune Warriors,SC Ganguly,0,Runs
27,2012-04-21,male,T20,"Delhi Daredevils, Pune Warriors",Delhi Daredevils,Pune Warriors,Delhi Daredevils,Pune Warriors,Feroz Shah Kotla,Delhi Daredevils,field,"Asad Rauf, S Das",KP Pietersen,A Nehra,V Sehwag,3,0,0,0,0,0,2,0,0,,,,Pune Warriors,SC Ganguly,0,Runs
27,2012-04-21,male,T20,"Delhi Daredevils, Pune Warriors",Delhi Daredevils,Pune Warriors,Delhi Daredevils,Pune Warriors,Feroz Shah Kotla,Delhi Daredevils,field,"Asad Rauf, S Das",KP Pietersen,A Nehra,V Sehwag,3,1,0,1,0,0,3,0,0,,,,Pune Warriors,SC Ganguly,0,Runs
27,2012-04-21,male,T20,"Delhi Daredevils, Pune Warriors",Delhi Daredevils,Pune Warriors,Delhi Daredevils,Pune Warriors,Feroz Shah Kotla,Delhi Daredevils,field,"Asad Rauf, S Das",V Sehwag,A Nehra,KP Pietersen,3,0,0,0,0,0,4,0,0,,,,Pune Warriors,SC Ganguly,0,Runs
27,2012-04-21,male,T20,"Delhi Daredevils, Pune Warriors",Delhi Daredevils,Pune Warriors,Delhi Daredevils,Pune Warriors,Feroz Shah Kotla,Delhi Daredevils,field,"Asad Rauf, S Das",V Sehwag,A Nehra,KP Pietersen,3,0,0,0,0,0,5,0,0,,,,Pune Warriors,SC Ganguly,0,Runs
27,2012-04-21,male,T20,"Delhi Daredevils, Pune Warriors",Delhi Daredevils,Pune Warriors,Delhi Daredevils,Pune Warriors,Feroz Shah Kotla,Delhi Daredevils,field,"Asad Rauf, S Das",V Sehwag,A Nehra,KP Pietersen,3,0,0,0,0,0,6,0,0,,,,Pune Warriors,SC Ganguly,0,Runs
27,2012-04-21,male,T20,"Delhi Daredevils, Pune Warriors",Delhi Daredevils,Pune Warriors,Delhi Daredevils,Pune Warriors,Feroz Shah Kotla,Delhi Daredevils,field,"Asad Rauf, S Das",KP Pietersen,M Kartik,V Sehwag,4,0,0,0,0,0,1,0,0,,,,Pune Warriors,SC Ganguly,0,Runs
27,2012-04-21,male,T20,"Delhi Daredevils, Pune Warriors",Delhi Daredevils,Pune Warriors,Delhi Daredevils,Pune Warriors,Feroz Shah Kotla,Delhi Daredevils,field,"Asad Rauf, S Das",KP Pietersen,M Kartik,V Sehwag,4,1,0,1,0,0,2,0,0,,,,Pune Warriors,SC Ganguly,0,Runs
27,2012-04-21,male,T20,"Delhi Daredevils, Pune Warriors",Delhi Daredevils,Pune Warriors,Delhi Daredevils,Pune Warriors,Feroz Shah Kotla,Delhi Daredevils,field,"Asad Rauf, S Das",V Sehwag,M Kartik,KP Pietersen,4,6,0,6,0,0,3,0,0,,,,Pune Warriors,SC Ganguly,0,Runs
27,2012-04-21,male,T20,"Delhi Daredevils, Pune Warriors",Delhi Daredevils,Pune Warriors,Delhi Daredevils,Pune Warriors,Feroz Shah Kotla,Delhi Daredevils,field,"Asad Rauf, S Das",V Sehwag,M Kartik,KP Pietersen,4,4,0,4,0,0,4,0,0,,,,Pune Warriors,SC Ganguly,0,Runs
27,2012-04-21,male,T20,"Delhi Daredevils, Pune Warriors",Delhi Daredevils,Pune Warriors,Delhi Daredevils,Pune Warriors,Feroz Shah Kotla,Delhi Daredevils,field,"Asad Rauf, S Das",V Sehwag,M Kartik,KP Pietersen,4,1,0,1,0,0,5,0,0,,,,Pune Warriors,SC Ganguly,0,Runs
27,2012-04-21,male,T20,"Delhi Daredevils, Pune Warriors",Delhi Daredevils,Pune Warriors,Delhi Daredevils,Pune Warriors,Feroz Shah Kotla,Delhi Daredevils,field,"Asad Rauf, S Das",KP Pietersen,M Kartik,V Sehwag,4,1,0,1,0,0,6,0,0,,,,Pune Warriors,SC Ganguly,0,Runs
27,2012-04-21,male,T20,"Delhi Daredevils, Pune Warriors",Delhi Daredevils,Pune Warriors,Delhi Daredevils,Pune Warriors,Feroz Shah Kotla,Delhi Daredevils,field,"Asad Rauf, S Das",KP Pietersen,AD Mathews,V Sehwag,5,1,0,1,0,0,1,0,0,,,,Pune Warriors,SC Ganguly,0,Runs
27,2012-04-21,male,T20,"Delhi Daredevils, Pune Warriors",Delhi Daredevils,Pune Warriors,Delhi Daredevils,Pune Warriors,Feroz Shah Kotla,Delhi Daredevils,field,"Asad Rauf, S Das",V Sehwag,AD Mathews,KP Pietersen,5,1,0,1,0,0,2,0,0,,,,Pune Warriors,SC Ganguly,0,Runs
27,2012-04-21,male,T20,"Delhi Daredevils, Pune Warriors",Delhi Daredevils,Pune Warriors,Delhi Daredevils,Pune Warriors,Feroz Shah Kotla,Delhi Daredevils,field,"Asad Rauf, S Das",KP Pietersen,AD Mathews,V Sehwag,5,6,0,6,0,0,3,0,0,,,,Pune Warriors,SC Ganguly,0,Runs
27,2012-04-21,male,T20,"Delhi Daredevils, Pune Warriors",Delhi Daredevils,Pune Warriors,Delhi Daredevils,Pune Warriors,Feroz Shah Kotla,Delhi Daredevils,field,"Asad Rauf, S Das",KP Pietersen,AD Mathews,V Sehwag,5,0,0,0,0,0,4,0,0,,,,Pune Warriors,SC Ganguly,0,Runs
27,2012-04-21,male,T20,"Delhi Daredevils, Pune Warriors",Delhi Daredevils,Pune Warriors,Delhi Daredevils,Pune Warriors,Feroz Shah Kotla,Delhi Daredevils,field,"Asad Rauf, S Das",KP Pietersen,AD Mathews,V Sehwag,5,6,0,6,0,0,5,0,0,,,,Pune Warriors,SC Ganguly,0,Runs
27,2012-04-21,male,T20,"Delhi Daredevils, Pune Warriors",Delhi Daredevils,Pune Warriors,Delhi Daredevils,Pune Warriors,Feroz Shah Kotla,Delhi Daredevils,field,"Asad Rauf, S Das",KP Pietersen,AD Mathews,V Sehwag,5,6,0,6,0,0,6,0,0,,,,Pune Warriors,SC Ganguly,0,Runs
27,2012-04-21,male,T20,"Delhi Daredevils, Pune Warriors",Delhi Daredevils,Pune Warriors,Delhi Daredevils,Pune Warriors,Feroz Shah Kotla,Delhi Daredevils,field,"Asad Rauf, S Das",V Sehwag,R Sharma,KP Pietersen,6,0,0,0,0,0,1,0,0,,,,Pune Warriors,SC Ganguly,0,Runs
27,2012-04-21,male,T20,"Delhi Daredevils, Pune Warriors",Delhi Daredevils,Pune Warriors,Delhi Daredevils,Pune Warriors,Feroz Shah Kotla,Delhi Daredevils,field,"Asad Rauf, S Das",V Sehwag,R Sharma,KP Pietersen,6,1,0,1,0,0,2,0,0,,,,Pune Warriors,SC Ganguly,0,Runs
27,2012-04-21,male,T20,"Delhi Daredevils, Pune Warriors",Delhi Daredevils,Pune Warriors,Delhi Daredevils,Pune Warriors,Feroz Shah Kotla,Delhi Daredevils,field,"Asad Rauf, S Das",KP Pietersen,R Sharma,V Sehwag,6,0,0,0,0,0,3,0,0,,,,Pune Warriors,SC Ganguly,0,Runs
27,2012-04-21,male,T20,"Delhi Daredevils, Pune Warriors",Delhi Daredevils,Pune Warriors,Delhi Daredevils,Pune Warriors,Feroz Shah Kotla,Delhi Daredevils,field,"Asad Rauf, S Das",KP Pietersen,R Sharma,V Sehwag,6,4,0,4,0,0,4,0,0,,,,Pune Warriors,SC Ganguly,0,Runs
27,2012-04-21,male,T20,"Delhi Daredevils, Pune Warriors",Delhi Daredevils,Pune Warriors,Delhi Daredevils,Pune Warriors,Feroz Shah Kotla,Delhi Daredevils,field,"Asad Rauf, S Das",KP Pietersen,R Sharma,V Sehwag,6,1,0,1,0,0,5,0,0,,,,Pune Warriors,SC Ganguly,0,Runs
27,2012-04-21,male,T20,"Delhi Daredevils, Pune Warriors",Delhi Daredevils,Pune Warriors,Delhi Daredevils,Pune Warriors,Feroz Shah Kotla,Delhi Daredevils,field,"Asad Rauf, S Das",V Sehwag,R Sharma,KP Pietersen,6,1,0,1,0,0,6,0,0,,,,Pune Warriors,SC Ganguly,0,Runs
27,2012-04-21,male,T20,"Delhi Daredevils, Pune Warriors",Delhi Daredevils,Pune Warriors,Delhi Daredevils,Pune Warriors,Feroz Shah Kotla,Delhi Daredevils,field,"Asad Rauf, S Das",V Sehwag,JD Ryder,KP Pietersen,7,4,0,4,0,0,1,0,0,,,,Pune Warriors,SC Ganguly,0,Runs
27,2012-04-21,male,T20,"Delhi Daredevils, Pune Warriors",Delhi Daredevils,Pune Warriors,Delhi Daredevils,Pune Warriors,Feroz Shah Kotla,Delhi Daredevils,field,"Asad Rauf, S Das",V Sehwag,JD Ryder,KP Pietersen,7,1,0,1,0,0,2,0,0,,,,Pune Warriors,SC Ganguly,0,Runs
27,2012-04-21,male,T20,"Delhi Daredevils, Pune Warriors",Delhi Daredevils,Pune Warriors,Delhi Daredevils,Pune Warriors,Feroz Shah Kotla,Delhi Daredevils,field,"Asad Rauf, S Das",KP Pietersen,JD Ryder,V Sehwag,7,0,0,0,0,0,3,0,0,,,,Pune Warriors,SC Ganguly,0,Runs
27,2012-04-21,male,T20,"Delhi Daredevils, Pune Warriors",Delhi Daredevils,Pune Warriors,Delhi Daredevils,Pune Warriors,Feroz Shah Kotla,Delhi Daredevils,field,"Asad Rauf, S Das",KP Pietersen,JD Ryder,V Sehwag,7,1,0,1,0,0,4,0,0,,,,Pune Warriors,SC Ganguly,0,Runs
27,2012-04-21,male,T20,"Delhi Daredevils, Pune Warriors",Delhi Daredevils,Pune Warriors,Delhi Daredevils,Pune Warriors,Feroz Shah Kotla,Delhi Daredevils,field,"Asad Rauf, S Das",V Sehwag,JD Ryder,KP Pietersen,7,6,0,6,0,0,5,0,0,,,,Pune Warriors,SC Ganguly,0,Runs
27,2012-04-21,male,T20,"Delhi Daredevils, Pune Warriors",Delhi Daredevils,Pune Warriors,Delhi Daredevils,Pune Warriors,Feroz Shah Kotla,Delhi Daredevils,field,"Asad Rauf, S Das",V Sehwag,JD Ryder,KP Pietersen,7,6,0,6,0,0,6,0,0,,,,Pune Warriors,SC Ganguly,0,Runs
27,2012-04-21,male,T20,"Delhi Daredevils, Pune Warriors",Delhi Daredevils,Pune Warriors,Delhi Daredevils,Pune Warriors,Feroz Shah Kotla,Delhi Daredevils,field,"Asad Rauf, S Das",KP Pietersen,R Sharma,V Sehwag,8,1,0,1,0,0,1,0,0,,,,Pune Warriors,SC Ganguly,0,Runs
27,2012-04-21,male,T20,"Delhi Daredevils, Pune Warriors",Delhi Daredevils,Pune Warriors,Delhi Daredevils,Pune Warriors,Feroz Shah Kotla,Delhi Daredevils,field,"Asad Rauf, S Das",V Sehwag,R Sharma,KP Pietersen,8,1,0,1,0,0,2,0,0,,,,Pune Warriors,SC Ganguly,0,Runs
27,2012-04-21,male,T20,"Delhi Daredevils, Pune Warriors",Delhi Daredevils,Pune Warriors,Delhi Daredevils,Pune Warriors,Feroz Shah Kotla,Delhi Daredevils,field,"Asad Rauf, S Das",KP Pietersen,R Sharma,V Sehwag,8,1,0,1,0,0,3,0,0,,,,Pune Warriors,SC Ganguly,0,Runs
27,2012-04-21,male,T20,"Delhi Daredevils, Pune Warriors",Delhi Daredevils,Pune Warriors,Delhi Daredevils,Pune Warriors,Feroz Shah Kotla,Delhi Daredevils,field,"Asad Rauf, S Das",V Sehwag,R Sharma,KP Pietersen,8,4,0,4,0,0,4,0,0,,,,Pune Warriors,SC Ganguly,0,Runs
27,2012-04-21,male,T20,"Delhi Daredevils, Pune Warriors",Delhi Daredevils,Pune Warriors,Delhi Daredevils,Pune Warriors,Feroz Shah Kotla,Delhi Daredevils,field,"Asad Rauf, S Das",V Sehwag,R Sharma,KP Pietersen,8,0,0,0,0,0,5,0,0,,,,Pune Warriors,SC Ganguly,0,Runs
27,2012-04-21,male,T20,"Delhi Daredevils, Pune Warriors",Delhi Daredevils,Pune Warriors,Delhi Daredevils,Pune Warriors,Feroz Shah Kotla,Delhi Daredevils,field,"Asad Rauf, S Das",V Sehwag,R Sharma,KP Pietersen,8,6,0,6,0,0,6,0,0,,,,Pune Warriors,SC Ganguly,0,Runs
27,2012-04-21,male,T20,"Delhi Daredevils, Pune Warriors",Delhi Daredevils,Pune Warriors,Delhi Daredevils,Pune Warriors,Feroz Shah Kotla,Delhi Daredevils,field,"Asad Rauf, S Das",KP Pietersen,SC Ganguly,V Sehwag,9,0,0,0,0,0,1,0,0,KP Pietersen,bowled,,Pune Warriors,SC Ganguly,1,Runs
27,2012-04-21,male,T20,"Delhi Daredevils, Pune Warriors",Delhi Daredevils,Pune Warriors,Delhi Daredevils,Pune Warriors,Feroz Shah Kotla,Delhi Daredevils,field,"Asad Rauf, S Das",IK Pathan,SC Ganguly,V Sehwag,9,1,0,1,0,0,2,0,0,,,,Pune Warriors,SC Ganguly,0,Runs
27,2012-04-21,male,T20,"Delhi Daredevils, Pune Warriors",Delhi Daredevils,Pune Warriors,Delhi Daredevils,Pune Warriors,Feroz Shah Kotla,Delhi Daredevils,field,"Asad Rauf, S Das",V Sehwag,SC Ganguly,IK Pathan,9,1,0,1,0,0,3,0,0,,,,Pune Warriors,SC Ganguly,0,Runs
27,2012-04-21,male,T20,"Delhi Daredevils, Pune Warriors",Delhi Daredevils,Pune Warriors,Delhi Daredevils,Pune Warriors,Feroz Shah Kotla,Delhi Daredevils,field,"Asad Rauf, S Das",IK Pathan,SC Ganguly,V Sehwag,9,0,1,1,1,0,4,0,0,,,,Pune Warriors,SC Ganguly,0,Runs
27,2012-04-21,male,T20,"Delhi Daredevils, Pune Warriors",Delhi Daredevils,Pune Warriors,Delhi Daredevils,Pune Warriors,Feroz Shah Kotla,Delhi Daredevils,field,"Asad Rauf, S Das",V Sehwag,SC Ganguly,IK Pathan,9,1,0,1,0,0,5,0,0,,,,Pune Warriors,SC Ganguly,0,Runs
27,2012-04-21,male,T20,"Delhi Daredevils, Pune Warriors",Delhi Daredevils,Pune Warriors,Delhi Daredevils,Pune Warriors,Feroz Shah Kotla,Delhi Daredevils,field,"Asad Rauf, S Das",IK Pathan,SC Ganguly,V Sehwag,9,1,0,1,0,0,6,0,0,,,,Pune Warriors,SC Ganguly,0,Runs
27,2012-04-21,male,T20,"Delhi Daredevils, Pune Warriors",Delhi Daredevils,Pune Warriors,Delhi Daredevils,Pune Warriors,Feroz Shah Kotla,Delhi Daredevils,field,"Asad Rauf, S Das",IK Pathan,AD Mathews,V Sehwag,10,2,0,2,0,0,1,0,0,,,,Pune Warriors,SC Ganguly,0,Runs
27,2012-04-21,male,T20,"Delhi Daredevils, Pune Warriors",Delhi Daredevils,Pune Warriors,Delhi Daredevils,Pune Warriors,Feroz Shah Kotla,Delhi Daredevils,field,"Asad Rauf, S Das",IK Pathan,AD Mathews,V Sehwag,10,1,0,1,0,0,2,0,0,,,,Pune Warriors,SC Ganguly,0,Runs
27,2012-04-21,male,T20,"Delhi Daredevils, Pune Warriors",Delhi Daredevils,Pune Warriors,Delhi Daredevils,Pune Warriors,Feroz Shah Kotla,Delhi Daredevils,field,"Asad Rauf, S Das",V Sehwag,AD Mathews,IK Pathan,10,0,2,2,0,0,3,0,2,,,,Pune Warriors,SC Ganguly,0,Runs
27,2012-04-21,male,T20,"Delhi Daredevils, Pune Warriors",Delhi Daredevils,Pune Warriors,Delhi Daredevils,Pune Warriors,Feroz Shah Kotla,Delhi Daredevils,field,"Asad Rauf, S Das",IK Pathan,AD Mathews,V Sehwag,10,1,0,1,0,0,4,0,0,,,,Pune Warriors,SC Ganguly,0,Runs
27,2012-04-21,male,T20,"Delhi Daredevils, Pune Warriors",Delhi Daredevils,Pune Warriors,Delhi Daredevils,Pune Warriors,Feroz Shah Kotla,Delhi Daredevils,field,"Asad Rauf, S Das",V Sehwag,AD Mathews,IK Pathan,10,4,0,4,0,0,5,0,0,,,,Pune Warriors,SC Ganguly,0,Runs
27,2012-04-21,male,T20,"Delhi Daredevils, Pune Warriors",Delhi Daredevils,Pune Warriors,Delhi Daredevils,Pune Warriors,Feroz Shah Kotla,Delhi Daredevils,field,"Asad Rauf, S Das",V Sehwag,AD Mathews,IK Pathan,10,1,0,1,0,0,6,0,0,,,,Pune Warriors,SC Ganguly,0,Runs
27,2012-04-21,male,T20,"Delhi Daredevils, Pune Warriors",Delhi Daredevils,Pune Warriors,Delhi Daredevils,Pune Warriors,Feroz Shah Kotla,Delhi Daredevils,field,"Asad Rauf, S Das",IK Pathan,AD Mathews,V Sehwag,10,1,0,1,0,0,7,0,0,,,,Pune Warriors,SC Ganguly,0,Runs
27,2012-04-21,male,T20,"Delhi Daredevils, Pune Warriors",Delhi Daredevils,Pune Warriors,Delhi Daredevils,Pune Warriors,Feroz Shah Kotla,Delhi Daredevils,field,"Asad Rauf, S Das",IK Pathan,SC Ganguly,V Sehwag,11,6,0,6,0,0,1,0,0,,,,Pune Warriors,SC Ganguly,0,Runs
27,2012-04-21,male,T20,"Delhi Daredevils, Pune Warriors",Delhi Daredevils,Pune Warriors,Delhi Daredevils,Pune Warriors,Feroz Shah Kotla,Delhi Daredevils,field,"Asad Rauf, S Das",IK Pathan,SC Ganguly,V Sehwag,11,1,0,1,0,0,2,0,0,,,,Pune Warriors,SC Ganguly,0,Runs
27,2012-04-21,male,T20,"Delhi Daredevils, Pune Warriors",Delhi Daredevils,Pune Warriors,Delhi Daredevils,Pune Warriors,Feroz Shah Kotla,Delhi Daredevils,field,"Asad Rauf, S Das",V Sehwag,SC Ganguly,IK Pathan,11,1,0,1,0,0,3,0,0,,,,Pune Warriors,SC Ganguly,0,Runs
27,2012-04-21,male,T20,"Delhi Daredevils, Pune Warriors",Delhi Daredevils,Pune Warriors,Delhi Daredevils,Pune Warriors,Feroz Shah Kotla,Delhi Daredevils,field,"Asad Rauf, S Das",IK Pathan,SC Ganguly,V Sehwag,11,1,0,1,0,0,4,0,0,,,,Pune Warriors,SC Ganguly,0,Runs
27,2012-04-21,male,T20,"Delhi Daredevils, Pune Warriors",Delhi Daredevils,Pune Warriors,Delhi Daredevils,Pune Warriors,Feroz Shah Kotla,Delhi Daredevils,field,"Asad Rauf, S Das",V Sehwag,SC Ganguly,IK Pathan,11,1,0,1,0,0,5,0,0,,,,Pune Warriors,SC Ganguly,0,Runs
27,2012-04-21,male,T20,"Delhi Daredevils, Pune Warriors",Delhi Daredevils,Pune Warriors,Delhi Daredevils,Pune Warriors,Feroz Shah Kotla,Delhi Daredevils,field,"Asad Rauf, S Das",IK Pathan,SC Ganguly,V Sehwag,11,0,0,0,0,0,6,0,0,IK Pathan,caught,JD Ryder,Pune Warriors,SC Ganguly,1,Runs
27,2012-04-21,male,T20,"Delhi Daredevils, Pune Warriors",Delhi Daredevils,Pune Warriors,Delhi Daredevils,Pune Warriors,Feroz Shah Kotla,Delhi Daredevils,field,"Asad Rauf, S Das",P Negi,M Kartik,V Sehwag,12,0,0,0,0,0,1,0,0,,,,Pune Warriors,SC Ganguly,0,Runs
27,2012-04-21,male,T20,"Delhi Daredevils, Pune Warriors",Delhi Daredevils,Pune Warriors,Delhi Daredevils,Pune Warriors,Feroz Shah Kotla,Delhi Daredevils,field,"Asad Rauf, S Das",P Negi,M Kartik,V Sehwag,12,1,0,1,0,0,2,0,0,,,,Pune Warriors,SC Ganguly,0,Runs
27,2012-04-21,male,T20,"Delhi Daredevils, Pune Warriors",Delhi Daredevils,Pune Warriors,Delhi Daredevils,Pune Warriors,Feroz Shah Kotla,Delhi Daredevils,field,"Asad Rauf, S Das",V Sehwag,M Kartik,P Negi,12,0,0,0,0,0,3,0,0,V Sehwag,caught and bowled,,Pune Warriors,SC Ganguly,1,Runs
27,2012-04-21,male,T20,"Delhi Daredevils, Pune Warriors",Delhi Daredevils,Pune Warriors,Delhi Daredevils,Pune Warriors,Feroz Shah Kotla,Delhi Daredevils,field,"Asad Rauf, S Das",LRPL Taylor,M Kartik,P Negi,12,1,0,1,0,0,4,0,0,,,,Pune Warriors,SC Ganguly,0,Runs
27,2012-04-21,male,T20,"Delhi Daredevils, Pune Warriors",Delhi Daredevils,Pune Warriors,Delhi Daredevils,Pune Warriors,Feroz Shah Kotla,Delhi Daredevils,field,"Asad Rauf, S Das",P Negi,M Kartik,LRPL Taylor,12,4,0,4,0,0,5,0,0,,,,Pune Warriors,SC Ganguly,0,Runs
27,2012-04-21,male,T20,"Delhi Daredevils, Pune Warriors",Delhi Daredevils,Pune Warriors,Delhi Daredevils,Pune Warriors,Feroz Shah Kotla,Delhi Daredevils,field,"Asad Rauf, S Das",P Negi,M Kartik,LRPL Taylor,12,0,0,0,0,0,6,0,0,,,,Pune Warriors,SC Ganguly,0,Runs
27,2012-04-21,male,T20,"Delhi Daredevils, Pune Warriors",Delhi Daredevils,Pune Warriors,Delhi Daredevils,Pune Warriors,Feroz Shah Kotla,Delhi Daredevils,field,"Asad Rauf, S Das",LRPL Taylor,SC Ganguly,P Negi,13,1,0,1,0,0,1,0,0,,,,Pune Warriors,SC Ganguly,0,Runs
27,2012-04-21,male,T20,"Delhi Daredevils, Pune Warriors",Delhi Daredevils,Pune Warriors,Delhi Daredevils,Pune Warriors,Feroz Shah Kotla,Delhi Daredevils,field,"Asad Rauf, S Das",P Negi,SC Ganguly,LRPL Taylor,13,0,0,0,0,0,2,0,0,,,,Pune Warriors,SC Ganguly,0,Runs
27,2012-04-21,male,T20,"Delhi Daredevils, Pune Warriors",Delhi Daredevils,Pune Warriors,Delhi Daredevils,Pune Warriors,Feroz Shah Kotla,Delhi Daredevils,field,"Asad Rauf, S Das",P Negi,SC Ganguly,LRPL Taylor,13,0,0,0,0,0,3,0,0,,,,Pune Warriors,SC Ganguly,0,Runs
27,2012-04-21,male,T20,"Delhi Daredevils, Pune Warriors",Delhi Daredevils,Pune Warriors,Delhi Daredevils,Pune Warriors,Feroz Shah Kotla,Delhi Daredevils,field,"Asad Rauf, S Das",P Negi,SC Ganguly,LRPL Taylor,13,2,0,2,0,0,4,0,0,,,,Pune Warriors,SC Ganguly,0,Runs
27,2012-04-21,male,T20,"Delhi Daredevils, Pune Warriors",Delhi Daredevils,Pune Warriors,Delhi Daredevils,Pune Warriors,Feroz Shah Kotla,Delhi Daredevils,field,"Asad Rauf, S Das",P Negi,SC Ganguly,LRPL Taylor,13,1,0,1,0,0,5,0,0,,,,Pune Warriors,SC Ganguly,0,Runs
27,2012-04-21,male,T20,"Delhi Daredevils, Pune Warriors",Delhi Daredevils,Pune Warriors,Delhi Daredevils,Pune Warriors,Feroz Shah Kotla,Delhi Daredevils,field,"Asad Rauf, S Das",LRPL Taylor,SC Ganguly,P Negi,13,1,0,1,0,0,6,0,0,P Negi,run out,"AD Mathews, RV Uthappa",Pune Warriors,SC Ganguly,1,Runs
27,2012-04-21,male,T20,"Delhi Daredevils, Pune Warriors",Delhi Daredevils,Pune Warriors,Delhi Daredevils,Pune Warriors,Feroz Shah Kotla,Delhi Daredevils,field,"Asad Rauf, S Das",LRPL Taylor,M Kartik,Y Nagar,14,0,1,1,0,0,1,0,1,,,,Pune Warriors,SC Ganguly,0,Runs
27,2012-04-21,male,T20,"Delhi Daredevils, Pune Warriors",Delhi Daredevils,Pune Warriors,Delhi Daredevils,Pune Warriors,Feroz Shah Kotla,Delhi Daredevils,field,"Asad Rauf, S Das",LRPL Taylor,M Kartik,Y Nagar,14,1,0,1,0,0,2,0,0,,,,Pune Warriors,SC Ganguly,0,Runs
27,2012-04-21,male,T20,"Delhi Daredevils, Pune Warriors",Delhi Daredevils,Pune Warriors,Delhi Daredevils,Pune Warriors,Feroz Shah Kotla,Delhi Daredevils,field,"Asad Rauf, S Das",Y Nagar,M Kartik,LRPL Taylor,14,1,0,1,0,0,3,0,0,,,,Pune Warriors,SC Ganguly,0,Runs
27,2012-04-21,male,T20,"Delhi Daredevils, Pune Warriors",Delhi Daredevils,Pune Warriors,Delhi Daredevils,Pune Warriors,Feroz Shah Kotla,Delhi Daredevils,field,"Asad Rauf, S Das",LRPL Taylor,M Kartik,Y Nagar,14,1,0,1,0,0,4,0,0,,,,Pune Warriors,SC Ganguly,0,Runs
27,2012-04-21,male,T20,"Delhi Daredevils, Pune Warriors",Delhi Daredevils,Pune Warriors,Delhi Daredevils,Pune Warriors,Feroz Shah Kotla,Delhi Daredevils,field,"Asad Rauf, S Das",Y Nagar,M Kartik,LRPL Taylor,14,1,0,1,0,0,5,0,0,,,,Pune Warriors,SC Ganguly,0,Runs
27,2012-04-21,male,T20,"Delhi Daredevils, Pune Warriors",Delhi Daredevils,Pune Warriors,Delhi Daredevils,Pune Warriors,Feroz Shah Kotla,Delhi Daredevils,field,"Asad Rauf, S Das",LRPL Taylor,M Kartik,Y Nagar,14,0,0,0,0,0,6,0,0,,,,Pune Warriors,SC Ganguly,0,Runs
27,2012-04-21,male,T20,"Delhi Daredevils, Pune Warriors",Delhi Daredevils,Pune Warriors,Delhi Daredevils,Pune Warriors,Feroz Shah Kotla,Delhi Daredevils,field,"Asad Rauf, S Das",LRPL Taylor,M Kartik,Y Nagar,14,1,0,1,0,0,7,0,0,,,,Pune Warriors,SC Ganguly,0,Runs
27,2012-04-21,male,T20,"Delhi Daredevils, Pune Warriors",Delhi Daredevils,Pune Warriors,Delhi Daredevils,Pune Warriors,Feroz Shah Kotla,Delhi Daredevils,field,"Asad Rauf, S Das",LRPL Taylor,SC Ganguly,Y Nagar,15,1,0,1,0,0,1,0,0,,,,Pune Warriors,SC Ganguly,0,Runs
27,2012-04-21,male,T20,"Delhi Daredevils, Pune Warriors",Delhi Daredevils,Pune Warriors,Delhi Daredevils,Pune Warriors,Feroz Shah Kotla,Delhi Daredevils,field,"Asad Rauf, S Das",Y Nagar,SC Ganguly,LRPL Taylor,15,1,0,1,0,0,2,0,0,,,,Pune Warriors,SC Ganguly,0,Runs
27,2012-04-21,male,T20,"Delhi Daredevils, Pune Warriors",Delhi Daredevils,Pune Warriors,Delhi Daredevils,Pune Warriors,Feroz Shah Kotla,Delhi Daredevils,field,"Asad Rauf, S Das",LRPL Taylor,SC Ganguly,Y Nagar,15,1,0,1,0,0,3,0,0,,,,Pune Warriors,SC Ganguly,0,Runs
27,2012-04-21,male,T20,"Delhi Daredevils, Pune Warriors",Delhi Daredevils,Pune Warriors,Delhi Daredevils,Pune Warriors,Feroz Shah Kotla,Delhi Daredevils,field,"Asad Rauf, S Das",Y Nagar,SC Ganguly,LRPL Taylor,15,1,0,1,0,0,4,0,0,,,,Pune Warriors,SC Ganguly,0,Runs
27,2012-04-21,male,T20,"Delhi Daredevils, Pune Warriors",Delhi Daredevils,Pune Warriors,Delhi Daredevils,Pune Warriors,Feroz Shah Kotla,Delhi Daredevils,field,"Asad Rauf, S Das",LRPL Taylor,SC Ganguly,Y Nagar,15,0,0,0,0,0,5,0,0,,,,Pune Warriors,SC Ganguly,0,Runs
27,2012-04-21,male,T20,"Delhi Daredevils, Pune Warriors",Delhi Daredevils,Pune Warriors,Delhi Daredevils,Pune Warriors,Feroz Shah Kotla,Delhi Daredevils,field,"Asad Rauf, S Das",LRPL Taylor,SC Ganguly,Y Nagar,15,4,0,4,0,0,6,0,0,,,,Pune Warriors,SC Ganguly,0,Runs
27,2012-04-21,male,T20,"Delhi Daredevils, Pune Warriors",Delhi Daredevils,Pune Warriors,Delhi Daredevils,Pune Warriors,Feroz Shah Kotla,Delhi Daredevils,field,"Asad Rauf, S Das",Y Nagar,A Nehra,LRPL Taylor,16,0,0,0,0,0,1,0,0,,,,Pune Warriors,SC Ganguly,0,Runs
27,2012-04-21,male,T20,"Delhi Daredevils, Pune Warriors",Delhi Daredevils,Pune Warriors,Delhi Daredevils,Pune Warriors,Feroz Shah Kotla,Delhi Daredevils,field,"Asad Rauf, S Das",Y Nagar,A Nehra,LRPL Taylor,16,1,0,1,0,0,2,0,0,,,,Pune Warriors,SC Ganguly,0,Runs
27,2012-04-21,male,T20,"Delhi Daredevils, Pune Warriors",Delhi Daredevils,Pune Warriors,Delhi Daredevils,Pune Warriors,Feroz Shah Kotla,Delhi Daredevils,field,"Asad Rauf, S Das",LRPL Taylor,A Nehra,Y Nagar,16,0,1,1,1,0,3,0,0,,,,Pune Warriors,SC Ganguly,0,Runs
27,2012-04-21,male,T20,"Delhi Daredevils, Pune Warriors",Delhi Daredevils,Pune Warriors,Delhi Daredevils,Pune Warriors,Feroz Shah Kotla,Delhi Daredevils,field,"Asad Rauf, S Das",Y Nagar,A Nehra,LRPL Taylor,16,0,0,0,0,0,4,0,0,,,,Pune Warriors,SC Ganguly,0,Runs
27,2012-04-21,male,T20,"Delhi Daredevils, Pune Warriors",Delhi Daredevils,Pune Warriors,Delhi Daredevils,Pune Warriors,Feroz Shah Kotla,Delhi Daredevils,field,"Asad Rauf, S Das",Y Nagar,A Nehra,LRPL Taylor,16,0,0,0,0,0,5,0,0,,,,Pune Warriors,SC Ganguly,0,Runs
27,2012-04-21,male,T20,"Delhi Daredevils, Pune Warriors",Delhi Daredevils,Pune Warriors,Delhi Daredevils,Pune Warriors,Feroz Shah Kotla,Delhi Daredevils,field,"Asad Rauf, S Das",Y Nagar,A Nehra,LRPL Taylor,16,1,0,1,0,0,6,0,0,,,,Pune Warriors,SC Ganguly,0,Runs
27,2012-04-21,male,T20,"Delhi Daredevils, Pune Warriors",Delhi Daredevils,Pune Warriors,Delhi Daredevils,Pune Warriors,Feroz Shah Kotla,Delhi Daredevils,field,"Asad Rauf, S Das",Y Nagar,AC Thomas,LRPL Taylor,17,1,0,1,0,0,1,0,0,,,,Pune Warriors,SC Ganguly,0,Runs
27,2012-04-21,male,T20,"Delhi Daredevils, Pune Warriors",Delhi Daredevils,Pune Warriors,Delhi Daredevils,Pune Warriors,Feroz Shah Kotla,Delhi Daredevils,field,"Asad Rauf, S Das",LRPL Taylor,AC Thomas,Y Nagar,17,0,0,0,0,0,2,0,0,LRPL Taylor,caught,SPD Smith,Pune Warriors,SC Ganguly,1,Runs
27,2012-04-21,male,T20,"Delhi Daredevils, Pune Warriors",Delhi Daredevils,Pune Warriors,Delhi Daredevils,Pune Warriors,Feroz Shah Kotla,Delhi Daredevils,field,"Asad Rauf, S Das",Y Nagar,AC Thomas,NV Ojha,17,4,0,4,0,0,3,0,0,,,,Pune Warriors,SC Ganguly,0,Runs
27,2012-04-21,male,T20,"Delhi Daredevils, Pune Warriors",Delhi Daredevils,Pune Warriors,Delhi Daredevils,Pune Warriors,Feroz Shah Kotla,Delhi Daredevils,field,"Asad Rauf, S Das",Y Nagar,AC Thomas,NV Ojha,17,0,0,0,0,0,4,0,0,,,,Pune Warriors,SC Ganguly,0,Runs
27,2012-04-21,male,T20,"Delhi Daredevils, Pune Warriors",Delhi Daredevils,Pune Warriors,Delhi Daredevils,Pune Warriors,Feroz Shah Kotla,Delhi Daredevils,field,"Asad Rauf, S Das",Y Nagar,AC Thomas,NV Ojha,17,4,0,4,0,0,5,0,0,,,,Pune Warriors,SC Ganguly,0,Runs
27,2012-04-21,male,T20,"Delhi Daredevils, Pune Warriors",Delhi Daredevils,Pune Warriors,Delhi Daredevils,Pune Warriors,Feroz Shah Kotla,Delhi Daredevils,field,"Asad Rauf, S Das",Y Nagar,AC Thomas,NV Ojha,17,1,0,1,0,0,6,0,0,,,,Pune Warriors,SC Ganguly,0,Runs
27,2012-04-21,male,T20,"Delhi Daredevils, Pune Warriors",Delhi Daredevils,Pune Warriors,Delhi Daredevils,Pune Warriors,Feroz Shah Kotla,Delhi Daredevils,field,"Asad Rauf, S Das",Y Nagar,A Nehra,NV Ojha,18,4,0,4,0,0,1,0,0,,,,Pune Warriors,SC Ganguly,0,Runs
27,2012-04-21,male,T20,"Delhi Daredevils, Pune Warriors",Delhi Daredevils,Pune Warriors,Delhi Daredevils,Pune Warriors,Feroz Shah Kotla,Delhi Daredevils,field,"Asad Rauf, S Das",Y Nagar,A Nehra,NV Ojha,18,2,0,2,0,0,2,0,0,,,,Pune Warriors,SC Ganguly,0,Runs
27,2012-04-21,male,T20,"Delhi Daredevils, Pune Warriors",Delhi Daredevils,Pune Warriors,Delhi Daredevils,Pune Warriors,Feroz Shah Kotla,Delhi Daredevils,field,"Asad Rauf, S Das",Y Nagar,A Nehra,NV Ojha,18,1,0,1,0,0,3,0,0,,,,Pune Warriors,SC Ganguly,0,Runs
27,2012-04-21,male,T20,"Delhi Daredevils, Pune Warriors",Delhi Daredevils,Pune Warriors,Delhi Daredevils,Pune Warriors,Feroz Shah Kotla,Delhi Daredevils,field,"Asad Rauf, S Das",NV Ojha,A Nehra,Y Nagar,18,1,0,1,0,0,4,0,0,,,,Pune Warriors,SC Ganguly,0,Runs
27,2012-04-21,male,T20,"Delhi Daredevils, Pune Warriors",Delhi Daredevils,Pune Warriors,Delhi Daredevils,Pune Warriors,Feroz Shah Kotla,Delhi Daredevils,field,"Asad Rauf, S Das",Y Nagar,A Nehra,NV Ojha,18,1,0,1,0,0,5,0,0,,,,Pune Warriors,SC Ganguly,0,Runs
27,2012-04-21,male,T20,"Delhi Daredevils, Pune Warriors",Delhi Daredevils,Pune Warriors,Delhi Daredevils,Pune Warriors,Feroz Shah Kotla,Delhi Daredevils,field,"Asad Rauf, S Das",NV Ojha,A Nehra,Y Nagar,18,6,0,6,0,0,6,0,0,,,,Pune Warriors,SC Ganguly,0,Runs
27,2012-04-21,male,T20,"Delhi Daredevils, Pune Warriors",Delhi Daredevils,Pune Warriors,Delhi Daredevils,Pune Warriors,Feroz Shah Kotla,Delhi Daredevils,field,"Asad Rauf, S Das",Y Nagar,AC Thomas,NV Ojha,19,0,0,0,0,0,1,0,0,Y Nagar,caught,SC Ganguly,Pune Warriors,SC Ganguly,1,Runs
27,2012-04-21,male,T20,"Delhi Daredevils, Pune Warriors",Delhi Daredevils,Pune Warriors,Delhi Daredevils,Pune Warriors,Feroz Shah Kotla,Delhi Daredevils,field,"Asad Rauf, S Das",NV Ojha,AC Thomas,M Morkel,19,2,0,2,0,0,2,0,0,,,,Pune Warriors,SC Ganguly,0,Runs
27,2012-04-21,male,T20,"Delhi Daredevils, Pune Warriors",Delhi Daredevils,Pune Warriors,Delhi Daredevils,Pune Warriors,Feroz Shah Kotla,Delhi Daredevils,field,"Asad Rauf, S Das",NV Ojha,AC Thomas,M Morkel,19,0,0,0,0,0,3,0,0,,,,Pune Warriors,SC Ganguly,0,Runs
27,2012-04-21,male,T20,"Delhi Daredevils, Pune Warriors",Delhi Daredevils,Pune Warriors,Delhi Daredevils,Pune Warriors,Feroz Shah Kotla,Delhi Daredevils,field,"Asad Rauf, S Das",NV Ojha,AC Thomas,M Morkel,19,1,0,1,0,0,4,0,0,,,,Pune Warriors,SC Ganguly,0,Runs
27,2012-04-21,male,T20,"Delhi Daredevils, Pune Warriors",Delhi Daredevils,Pune Warriors,Delhi Daredevils,Pune Warriors,Feroz Shah Kotla,Delhi Daredevils,field,"Asad Rauf, S Das",M Morkel,AC Thomas,NV Ojha,19,1,0,1,0,0,5,0,0,,,,Pune Warriors,SC Ganguly,0,Runs
27,2012-04-21,male,T20,"Delhi Daredevils, Pune Warriors",Delhi Daredevils,Pune Warriors,Delhi Daredevils,Pune Warriors,Feroz Shah Kotla,Delhi Daredevils,field,"Asad Rauf, S Das",NV Ojha,AC Thomas,M Morkel,19,1,0,1,0,0,6,0,0,,,,Pune Warriors,SC Ganguly,0,Runs
